ImgUrl,ProductId,xmin,ymin,xmax,ymax,ImageQuality,SceneType,Rotation,TaskItemId,TaskId,RequestId,IsMaskQA,IsQAed
https://fileman.clobotics.cn/api/file/9c44a81c14c2e6168bf65fe0cc9e27cc,1099812,0.195775255560875,0.204159274697304,0.235188484191895,0.267247229814529,"[""Normal""]",[],0,35850358,413964,c21119a2-842c-4783-bc97-21cb7dec0c58,0,1
https://fileman.clobotics.cn/api/file/9c44a81c14c2e6168bf65fe0cc9e27cc,1,0.217542291184173,0.577386019645052,0.242367534840823,0.595641439551759,"[""Normal""]",[],0,35850358,413964,c21119a2-842c-4783-bc97-21cb7dec0c58,0,1
https://fileman.clobotics.cn/api/file/3b9bdf7efbaca9a4cef0c7110c24accd,102,0.163727387785912,0.21252815425396,0.183035612106323,0.25568899512291,[],[],0,35850375,413964,dfaba8c7-f60e-4de7-b88b-eeb2616337b8,0,1
https://fileman.clobotics.cn/api/file/874bd398d2241c37002024f7cbd50857,1,0.403482049266247,0.297932700992339,0.443838443396226,0.316211297575697,[],[],0,35850401,413964,f152ba4a-2c59-433a-8b5b-6e229a34c5fa,0,1
https://fileman.clobotics.cn/api/file/c8089658620ae9b49b1df37324b20930,3,0.375738769769669,0.213979512453079,0.405680775642395,0.240063712000847,[],[],0,35850460,413964,2f63d577-565f-483f-94ba-3b5b3eff842c,0,1
https://fileman.clobotics.cn/api/file/1239a44ae602999459988eea7cdd0c36,1079613,0.164259403944016,0.158352166414261,0.211631953716278,0.207999780774117,[],[],0,35850516,413964,97462040-a9d3-4e1b-bedd-2dade7719de7,0,1
https://fileman.clobotics.cn/api/file/01013dc4fa00832b0af6fa5936a135c7,1239,0.425113713387509,0.20861938053327,0.442787964852047,0.246843748585909,[],[],0,35850517,413964,cfe002ab-3afa-4934-a234-a692dc13a3f8,0,1
https://fileman.clobotics.cn/api/file/8f51b30d4a7682d6c20a3b2d270952af,2107,0.391019880771637,0.643129169940948,0.416180729866028,0.685648024082184,[],[],0,35850521,413964,88bd014d-7746-4085-869c-427ed628b101,0,1
https://fileman.clobotics.cn/api/file/39c1bfba08a4072c2d3715c8f607966a,109,0.26985228061676,0.647916615009308,0.289675742387772,0.688790321350098,[],[],0,35850569,413964,e3c388cc-6f1f-4ff6-9ad1-cfd96672dc7f,0,1
https://fileman.clobotics.cn/api/file/699104e8b26e075165934c7655e07c17,210,0.396306693553925,0.171033322811127,0.421807318925858,0.194959089159966,[],[],0,35850734,413964,9cad76f2-e29e-4c3e-b6a3-b11abc4d4ac1,0,1
https://fileman.clobotics.cn/api/file/2a369b5c681e29c843484c34fecfc3b3,315,0.255979655373771,0.215848488865601,0.278768936305676,0.280862658286045,[],[],0,35850808,413964,e8da25a1-caf9-4a47-8d97-06ec1bb7faf2,0,1
https://fileman.clobotics.cn/api/file/2a369b5c681e29c843484c34fecfc3b3,1239,0.283888561320755,0.217132038445859,0.299454599056604,0.277362962348763,[],[],0,35850808,413964,e8da25a1-caf9-4a47-8d97-06ec1bb7faf2,0,1
https://fileman.clobotics.cn/api/file/d4d594857de0d57bd968145cb1f082d0,1074944,0.352735012769699,0.785261034965515,0.383582592010498,0.826460123062134,[],[],0,35850853,413964,2b044c07-b3af-4898-9193-8e79beb7f0d2,0,1
https://fileman.clobotics.cn/api/file/cc990ffd42c7edeb18ce3bd11a308a72,1074944,0.38129660487175,0.784554660320282,0.408438235521317,0.825884521007538,[],[],0,35850862,413964,c7080ff2-a9b8-43bb-85d2-04b80a16aa67,0,1
https://fileman.clobotics.cn/api/file/95f73deb8184d25df378ce9712866985,112,0.334290470105977,0.211662983077467,0.350464995128484,0.254634325879515,"[""Normal""]",[],0,35850876,413964,bab4847f-61fe-47e1-b4cf-4c315a4db67f,0,1
https://fileman.clobotics.cn/api/file/95f73deb8184d25df378ce9712866985,112,0.315515624112687,0.213240418118467,0.327896542469445,0.252729384436702,"[""Normal""]",[],0,35850876,413964,bab4847f-61fe-47e1-b4cf-4c315a4db67f,0,1
https://fileman.clobotics.cn/api/file/95f73deb8184d25df378ce9712866985,9,0.298182338413227,0.212775842044135,0.313864834998453,0.254123112659698,"[""Normal""]",[],0,35850876,413964,bab4847f-61fe-47e1-b4cf-4c315a4db67f,0,1
https://fileman.clobotics.cn/api/file/6b2bc85dee398503b45cc68c5a810c62,5,0.371294289827347,0.195626109838486,0.395761430263519,0.230068847537041,[],[],0,35850881,413964,50379681-3eba-46b2-88f1-6efea33260ef,0,1
https://fileman.clobotics.cn/api/file/4a7f0a311cc272433dd5383c4810b7ec,126,0.22891141474247,0.687908709049225,0.260105550289154,0.741335570812225,[],[],0,35850895,413964,4adbc997-13d5-431c-9c5e-3a31e4ef354b,0,1
https://fileman.clobotics.cn/api/file/e828d8a7d6abcb702a87eb7d9ec0233e,1020717,0.135544896125793,0.772506177425385,0.170901596546173,0.84253317117691,[],[],0,35850899,413964,343aeadb-8d8a-42c9-a545-04f7a8080072,0,1
https://fileman.clobotics.cn/api/file/e828d8a7d6abcb702a87eb7d9ec0233e,1099795,0.196852654218674,0.769965767860413,0.226978540420532,0.840236127376556,[],[],0,35850899,413964,343aeadb-8d8a-42c9-a545-04f7a8080072,0,1
https://fileman.clobotics.cn/api/file/408ed5c95e90d2480c76edecf236ed42,191,0.240330129861832,0.660684645175934,0.269301146268845,0.713661968708038,[],[],0,35850910,413964,b1e0d215-d181-40c1-bd93-e7275a648801,0,1
https://fileman.clobotics.cn/api/file/d8db83e9264e55feb5cf16de3507c259,1056668,0.274095922708511,0.766720712184906,0.295947670936584,0.80157208442688,[],[],0,35851015,413964,da753378-1198-47d8-8bb9-090d4d4e161d,0,1
https://fileman.clobotics.cn/api/file/64c584377e48e1549822fa0f008ab32c,195,0.177864834666252,0.784271359443665,0.214783608913422,0.844086170196533,[],[],0,35851038,413964,69b4be93-2390-4f89-946e-1261f3683ffd,0,1
https://fileman.clobotics.cn/api/file/54c45c8ae3f210f466eb0cd5a15427ab,102,0.260927081108093,0.246430188417435,0.286733984947205,0.306427329778671,[],[],0,35851400,413964,c74e3c17-5214-4218-a7a4-132b1ae42b04,0,1
https://fileman.clobotics.cn/api/file/54c45c8ae3f210f466eb0cd5a15427ab,102,0.233917281031609,0.245359838008881,0.26032492518425,0.306439757347107,[],[],0,35851400,413964,c74e3c17-5214-4218-a7a4-132b1ae42b04,0,1
https://fileman.clobotics.cn/api/file/cbbcc987c6ad8e16385b09b52dbe679f,32,0.348976761102676,0.679980337619781,0.373471289873123,0.712608873844147,[],[],0,35851407,413964,86a42f5e-c84f-41f8-81d9-c728e9d6cca6,0,1
https://fileman.clobotics.cn/api/file/825ba12cc8f2742b93aa60ce31b20096,31,0.290042400360107,0.180278047919273,0.313782691955566,0.201083332300186,[],[],0,35851410,413964,397d8073-1d14-4ec3-8a69-4eeb8206a5a1,0,1
https://fileman.clobotics.cn/api/file/7c3348944ee8dd5435805a4d5b19800d,1027664,0.225215745875125,0.277222216129303,0.253339589688982,0.316201504409572,[],[],0,35851461,413964,4b0f1986-6035-4c2a-a13a-af06beeeaaf4,0,1
https://fileman.clobotics.cn/api/file/7c3348944ee8dd5435805a4d5b19800d,1027664,0.260317921638489,0.277719646692276,0.29285991191864,0.318933814764023,[],[],0,35851461,413964,4b0f1986-6035-4c2a-a13a-af06beeeaaf4,0,1
https://fileman.clobotics.cn/api/file/119913553aa7262edb775ebe04e16c30,1,0.203971177339554,0.690912544727325,0.232021063566208,0.752572596073151,[],[],0,35851573,413964,5b4cc1d3-2282-4c7d-b656-710cef83040b,0,1
https://fileman.clobotics.cn/api/file/119913553aa7262edb775ebe04e16c30,1,0.233020350337029,0.691734433174133,0.258719980716705,0.751486778259277,[],[],0,35851573,413964,5b4cc1d3-2282-4c7d-b656-710cef83040b,0,1
https://fileman.clobotics.cn/api/file/f39fa2697fd81688b693d5e5ea1eb387,102,0.145955860614777,0.276793509721756,0.172813296318054,0.336367309093475,[],[],0,35851591,413964,fc8a8e13-9a76-4271-8de9-3a1b6a3daf21,0,1
https://fileman.clobotics.cn/api/file/f39fa2697fd81688b693d5e5ea1eb387,75,0.258036136627197,0.759819328784943,0.307256460189819,0.84821343421936,[],[],0,35851591,413964,fc8a8e13-9a76-4271-8de9-3a1b6a3daf21,0,1
https://fileman.clobotics.cn/api/file/f39fa2697fd81688b693d5e5ea1eb387,247,0.354986160993576,0.765716016292572,0.394212573766708,0.847882628440857,[],[],0,35851591,413964,fc8a8e13-9a76-4271-8de9-3a1b6a3daf21,0,1
https://fileman.clobotics.cn/api/file/b39812519bb86015a2cd7b13cef5d9ba,1,0.231326431035995,0.768705666065216,0.263082593679428,0.839940965175629,"[""Normal""]",[],0,35851631,413964,bac9352c-ec2a-4b4c-9806-fa08e150af44,0,1
https://fileman.clobotics.cn/api/file/fa5d0f6916e464e3234cb034bc31b961,1049191,0.387841552495956,0.210583999752998,0.414367645978928,0.253330230712891,[],[],0,35851645,413964,55efebee-efd4-4fc6-ac8e-aadea5f5401e,0,1
https://fileman.clobotics.cn/api/file/f11b2a7ac14f205630f727960c8c6322,3,0.188612803816795,0.213762611150742,0.217852458357811,0.239591524004936,[],[],0,35851675,413964,c6e8ac8b-8d90-4931-9ea8-1ed235977358,0,1
https://fileman.clobotics.cn/api/file/4d671363a355acce4eb1a55bca54fa07,191,0.208203732967377,0.314617156982422,0.237418055534363,0.361138939857483,[],[],0,35851698,413964,68fa125e-c368-44ec-9a0a-7fc74ad2258b,0,1
https://fileman.clobotics.cn/api/file/4d671363a355acce4eb1a55bca54fa07,226,0.32918444275856,0.727947473526001,0.354152530431747,0.778487741947174,[],[],0,35851698,413964,68fa125e-c368-44ec-9a0a-7fc74ad2258b,0,1
https://fileman.clobotics.cn/api/file/09911bb8ad6da962efe01beaafe3cfbd,1,0.397909700870514,0.2051652520895,0.427043616771698,0.251103192567825,"[""Normal""]",[],0,35851831,413964,84144f7f-7acb-4f2e-b3d4-e5bcd87a6d78,0,1
https://fileman.clobotics.cn/api/file/9c2d644147e44a2fedc638db12b77b09,1204,0.202513098716736,0.233413577079773,0.228969037532806,0.284889400005341,[],[],0,35851858,413964,1b45d472-aaa5-4ba5-9032-f0fb60e59cc9,0,1
https://fileman.clobotics.cn/api/file/22c7d956be6969ecf40e41b4d9bc7b9c,210,0.317675371972883,0.35075493612079,0.335558920710422,0.37862950058072,"[""Normal""]",[],0,35851931,413964,87ad1850-2227-4eba-b653-432020a44ea2,0,1
https://fileman.clobotics.cn/api/file/bf607b4d342809a8512a3acbcf7b20a7,1071258,0.386160880327225,0.675808131694794,0.405528545379639,0.710460424423218,[],[],0,35851937,413964,4a4b7d69-d149-49f1-87fa-18857acf2c0b,0,1
https://fileman.clobotics.cn/api/file/ec6a9ede9816cee40146bca7fda6b230,31,0.244703363770322,0.223453372716904,0.266156896490848,0.245356407106181,[],[],0,35851942,413964,1154a2d3-323a-4005-a7a0-2c5f6c0afc80,0,1
https://fileman.clobotics.cn/api/file/ec6a9ede9816cee40146bca7fda6b230,31,0.299785733222961,0.223099306225777,0.326703816652298,0.24793641269207,[],[],0,35851942,413964,1154a2d3-323a-4005-a7a0-2c5f6c0afc80,0,1
https://fileman.clobotics.cn/api/file/83b5eb8f075e44ad29bbe4e4a82e8596,1056668,0.296801596879959,0.765581607818604,0.316969782114029,0.799181818962097,[],[],0,35851954,413964,9332bf11-52a1-484b-adff-e4ff881bcbe5,0,1
https://fileman.clobotics.cn/api/file/83b5eb8f075e44ad29bbe4e4a82e8596,1056668,0.269179880619049,0.76444399356842,0.289761155843735,0.79473614692688,[],[],0,35851954,413964,9332bf11-52a1-484b-adff-e4ff881bcbe5,0,1
https://fileman.clobotics.cn/api/file/3eccbe86330d812d81103ea12c96c77b,124,0.381549745798111,0.713787913322449,0.409373104572296,0.755724012851715,[],[],0,35851960,413964,477c3567-f765-4c64-b491-fb643449b899,0,1
https://fileman.clobotics.cn/api/file/49ef651b4a4608c970be1458d74efc81,4,0.357720226049423,0.230644598603249,0.386164605617523,0.266087800264359,[],[],0,35851974,413964,e0810f7b-16fd-41bb-b9b6-bcc998f8fa42,0,1
https://fileman.clobotics.cn/api/file/49ef651b4a4608c970be1458d74efc81,25,0.328353762626648,0.714116990566254,0.351146221160889,0.756466329097748,[],[],0,35851974,413964,e0810f7b-16fd-41bb-b9b6-bcc998f8fa42,0,1
https://fileman.clobotics.cn/api/file/882fad0cfb6e73637dd387321e190e54,610,0.314858973026276,0.703931748867035,0.348835527896881,0.746853232383728,[],[],0,35851986,413964,b65f365a-c887-4418-95ac-928fdd148435,0,1
https://fileman.clobotics.cn/api/file/882fad0cfb6e73637dd387321e190e54,1074944,0.354366410036658,0.706229809368079,0.382892540499265,0.74442902185985,[],[],0,35851986,413964,b65f365a-c887-4418-95ac-928fdd148435,0,1
https://fileman.clobotics.cn/api/file/bfef9be0e4b0fb6e8a42ba65c1c45392,1027664,0.301555514335632,0.269121289253235,0.334549158811569,0.316372752189636,[],[],0,35852139,413964,ee312765-7371-4ae5-a6e3-ee043d2df20f,0,1
https://fileman.clobotics.cn/api/file/19895d6188433e6ba451eb9be33ce37f,191,0.218763053417206,0.673227548599243,0.24077807366848,0.712933957576752,[],[],0,35852168,413964,52af6fdf-542d-4abd-9c40-7905155e9482,0,1
https://fileman.clobotics.cn/api/file/96c9f469c3950cfda5e222bbf51718d6,193,0.269610643386841,0.293322116136551,0.298240184783936,0.352395057678223,[],[],0,35852195,413964,051744bd-57ee-4a36-ab5f-91da2c027229,0,1
https://fileman.clobotics.cn/api/file/384eadac6c7dbe14240015da75b4ceab,1027664,0.340293198823929,0.26324450969696,0.374304980039597,0.320183634757996,[],[],0,35852250,413964,e6c4c957-c1de-4dde-aa4f-77725ab301a0,0,1
https://fileman.clobotics.cn/api/file/2cd9b1ab558dfadee9b671b9f45bf908,124,0.42340275645256,0.614415228366852,0.450749933719635,0.649838447570801,[],[],0,35852310,413964,105a3d9e-8e94-4f74-a311-d366bb0a0cf2,0,1
https://fileman.clobotics.cn/api/file/acd58a4e145e2ad993890fde4207c423,112,0.277204432555199,0.729086816310883,0.307361379164355,0.790009081363678,[],[],0,35852322,413964,e4a426aa-1bfc-4739-ae4a-4f3fc856830b,0,1
https://fileman.clobotics.cn/api/file/349d5fb42dfd867ed5d976cccb4ea654,1051669,0.355996072292328,0.211352944374084,0.380757749080658,0.260037451982498,[],[],0,35852405,413964,d07f1630-b1ec-4037-bdd9-f99c2cc5a984,0,1
https://fileman.clobotics.cn/api/file/ed371e82d9871689ed01f9a1c6cc48c8,1041160,0.232765719294548,0.212690517306328,0.258548855781555,0.268234729766846,[],[],0,35852430,413964,b362bc46-8317-4a8f-8e59-41829e1bf6a9,0,1
https://fileman.clobotics.cn/api/file/a627353250c5c9ad0d2c1c7b1fe449cd,1037151,0.1641845703125,0.704486548900604,0.191405043005943,0.750041425228119,[],[],0,35852470,413964,999fd253-1343-449c-8618-651977e665bf,0,1
https://fileman.clobotics.cn/api/file/edd9f19819eea6dda9782cf7dfb23ee5,1,0.186648410608723,0.196501106903935,0.211882861578394,0.216252243987872,"[""keep-out"",""Unqualified""]",[],0,35852541,413964,af887c2d-7b85-436c-b7fc-25620dfcb1ae,0,1
https://fileman.clobotics.cn/api/file/7554c3010fb323dd72c424a71a073657,1,0.340643686768394,0.688894323914444,0.35803967122012,0.71038509231293,[],[],0,35852652,413964,b90e5286-e1f2-4488-92da-ce1d6527f1e5,0,1
https://fileman.clobotics.cn/api/file/95bb27d83fe14cabab7df9a831553d46,125,0.265047669410706,0.153876692056656,0.298811078071594,0.209651932120323,[],[],0,35852680,413964,82266acf-7a0e-4b5c-be23-3e95ef8e2f3a,0,1
https://fileman.clobotics.cn/api/file/95bb27d83fe14cabab7df9a831553d46,124,0.230269402265549,0.164232566952705,0.262819141149521,0.211058974266052,[],[],0,35852680,413964,82266acf-7a0e-4b5c-be23-3e95ef8e2f3a,0,1
https://fileman.clobotics.cn/api/file/549e39f1ac112a881a768444909e6679,3,0.212639048695564,0.207899495959282,0.241258129477501,0.234440967440605,[],[],0,35852828,413964,3ab1e8bc-751e-4e75-aabf-a697e7666ae5,0,1
https://fileman.clobotics.cn/api/file/549e39f1ac112a881a768444909e6679,3,0.242102563381195,0.207618728280067,0.263819575309753,0.234570860862732,[],[],0,35852828,413964,3ab1e8bc-751e-4e75-aabf-a697e7666ae5,0,1
https://fileman.clobotics.cn/api/file/549e39f1ac112a881a768444909e6679,31,0.469646424055099,0.204539984464645,0.498147666454315,0.235101893544197,[],[],0,35852828,413964,3ab1e8bc-751e-4e75-aabf-a697e7666ae5,0,1
https://fileman.clobotics.cn/api/file/43a49c31979a74392b1889ea75c9c981,125,0.291025102138519,0.633747816085815,0.324545949697495,0.682605266571045,[],[],0,35852881,413964,cd901480-7b22-4b45-83c8-ba50c35055d8,0,1
https://fileman.clobotics.cn/api/file/43a49c31979a74392b1889ea75c9c981,1033366,0.259736865758896,0.639570593833923,0.285777062177658,0.681777477264404,[],[],0,35852881,413964,cd901480-7b22-4b45-83c8-ba50c35055d8,0,1
https://fileman.clobotics.cn/api/file/801b51e4651f8363611f70edae7fe005,31,0.32026931643486,0.211634129285812,0.340894907712936,0.234534576535225,[],[],0,35852920,413964,84567144-ccb8-4b70-bf0e-b5e8c4a98773,0,1
https://fileman.clobotics.cn/api/file/c706c38335a5e8da5154ea6140626934,13,0.275799334049225,0.196033269166946,0.300093024969101,0.2287777364254,[],[],0,35852924,413964,064ed29e-d412-4b65-a0b8-c11385d749c8,0,1
https://fileman.clobotics.cn/api/file/fb9053cd919ece44ec41664b4a05a07a,1040352,0.372089415788651,0.675589203834534,0.396612346172333,0.710947573184967,[],[],0,35852951,413964,04dfa35d-6bba-473a-a4ef-d4bc327fd188,0,1
https://fileman.clobotics.cn/api/file/2ed5aa43df230d9c6daf752769bcfc4e,1086796,0.208042725920677,0.211542561650276,0.240899175405502,0.281837403774261,[],[],0,35852966,413964,2aada665-0ba2-4808-9b50-c7e2ddf5621b,0,1
https://fileman.clobotics.cn/api/file/b701ca84025a2d170714013157cc918d,1086796,0.301574677228928,0.257200568914413,0.329259604215622,0.31890082359314,[],[],0,35852969,413964,f0936784-bc37-4f52-955e-2c1b31af3888,0,1
https://fileman.clobotics.cn/api/file/b701ca84025a2d170714013157cc918d,5,0.248744264245033,0.388327181339264,0.278333842754364,0.442917197942734,[],[],0,35852969,413964,f0936784-bc37-4f52-955e-2c1b31af3888,0,1
https://fileman.clobotics.cn/api/file/997892e71c0eb1a4a1432d72baf6d1df,1241,0.234243288636208,0.707778573036194,0.255242824554443,0.753208220005035,[],[],0,35853030,413964,6dfa945b-a386-443d-b875-b68fb53f4f55,0,1
https://fileman.clobotics.cn/api/file/2cd0c0ce779245945946fbaa83e23b62,33,0.346684010720123,0.186001315712929,0.373302881956884,0.218790065586826,[],[],0,35853061,413964,622fc9ae-36ba-43ff-9062-a9ff05c98fed,0,1
https://fileman.clobotics.cn/api/file/02e8c68f03d89ba3b6d3c85155a4ae98,9,0.207063511013985,0.262999534606934,0.238501355051994,0.334170341491699,[],[],0,35853099,413964,fde34a4f-4736-4a7f-8bd2-4345521dbb98,0,1
https://fileman.clobotics.cn/api/file/bf92df1cb950bdf1dbd5dc6c42da325e,1063287,0.173390328884125,0.760769784450531,0.213831171393394,0.830490112304688,[],[],0,35853142,413964,747b9448-360a-4b6f-af80-35c660535367,0,1
https://fileman.clobotics.cn/api/file/fcd4352380acdeee2364e92ee3a0a5fe,1990,0.195964500308037,0.274145573377609,0.23885802924633,0.325269371271133,[],[],0,35853160,413964,21d111ed-bb52-4bf5-a08e-58ad78a8039b,0,1
https://fileman.clobotics.cn/api/file/b8ef096442b03046b6e336474a288721,102,0.314568936824799,0.214267909526825,0.340555131435394,0.271723091602325,[],[],0,35853183,413964,bc782850-3ae4-48ab-974e-809caed11269,0,1
https://fileman.clobotics.cn/api/file/d383d970b493f84b329185de3815965b,110,0.253620535135269,0.21410459280014,0.276722550392151,0.257893085479736,[],[],0,35853211,413964,fbb1b043-5541-4433-be72-97e543edb3ea,0,1
https://fileman.clobotics.cn/api/file/580e86cfcdaaa4ecc0734b9bda789ad1,4,0.229527369141579,0.202486708760262,0.253288090229034,0.235342428088188,[],[],0,35853224,413964,cda89842-71c3-4922-bba3-1955eba2177b,0,1
https://fileman.clobotics.cn/api/file/8dd6b1dfd1c3cb6b2e5b5257118e23f6,1241,0.228084456123106,0.214932417582275,0.249858801416415,0.263895444836766,"[""Normal""]",[],0,35853288,413964,bfa9e1cc-2312-495c-b0b4-7d44d3cb1201,0,1
https://fileman.clobotics.cn/api/file/0621e986462012ec8a1a421bfe5a5903,125,0.343999058008194,0.704276204109192,0.380214869976044,0.765299022197723,[],[],0,35853291,413964,422b0fdb-7e33-4165-a0ae-c9c35030e233,0,1
https://fileman.clobotics.cn/api/file/3e25185f4e5254db96683c5b85c82c77,102,0.286515474487241,0.224157955865273,0.312042342815208,0.283406728547625,"[""Normal""]",[],0,35853296,413964,35aa57ec-34c9-4bd7-bc87-689d50dab4d3,0,1
https://fileman.clobotics.cn/api/file/3e25185f4e5254db96683c5b85c82c77,102,0.326042741537094,0.221260204911232,0.354089707136154,0.285694450139999,"[""Normal""]",[],0,35853296,413964,35aa57ec-34c9-4bd7-bc87-689d50dab4d3,0,1
https://fileman.clobotics.cn/api/file/3e25185f4e5254db96683c5b85c82c77,102,0.232517587065686,0.223615950445219,0.258104818336319,0.285404568331398,"[""Normal""]",[],0,35853296,413964,35aa57ec-34c9-4bd7-bc87-689d50dab4d3,0,1
https://fileman.clobotics.cn/api/file/aaa22ff5362e43c2d1bb4b7970ea6094,1,0.393769472837448,0.742749214172363,0.42121085524559,0.817229628562927,[],[],0,35853299,413964,e6b3bb3c-a1df-4b9b-b1d5-333d6e2f9635,0,1
https://fileman.clobotics.cn/api/file/ef7f54730c1baffbdf4ece2b9590f0af,115,0.397626221179962,0.767032742500305,0.425619840621948,0.828323781490326,[],[],0,35853317,413964,195c13fc-8187-4256-9549-5124f6326dbf,0,1
https://fileman.clobotics.cn/api/file/5246a4f460bef061c1fbd862b19ce96b,195,0.219370663166046,0.780407428741455,0.242688655853271,0.832525610923767,[],[],0,35853318,413964,851a01ea-e20f-4a80-aee7-33ad6d293532,0,1
https://fileman.clobotics.cn/api/file/65faf7ab386391c7b94bcb40cd7bd792,18,0.193374022841454,0.705825567245483,0.22319370508194,0.765289902687073,[],[],0,35853349,413964,b225d80f-a54d-441f-850f-f872baccbf1b,0,1
https://fileman.clobotics.cn/api/file/e28e4f1bca178f94b16a1fb5ad3585bd,112,0.334853410720825,0.211061015725136,0.352236568927765,0.250399112701416,[],[],0,35853400,413964,2c0149fc-e06f-4e04-acb5-f5c5622d571e,0,1
https://fileman.clobotics.cn/api/file/e28e4f1bca178f94b16a1fb5ad3585bd,112,0.320351635721748,0.213040630818188,0.334346716908042,0.250331323147594,[],[],0,35853400,413964,2c0149fc-e06f-4e04-acb5-f5c5622d571e,0,1
https://fileman.clobotics.cn/api/file/b7ac393a17cabed1c99f8b15c8a35148,1104515,0.40092990990319,0.171147644519806,0.428077503134274,0.201693666427069,[],[],0,35853415,413964,73484c00-829b-475c-82c3-7712a8614dc7,0,1
https://fileman.clobotics.cn/api/file/631b79dbdc08a9a185aaa89069458bc8,115,0.42048767209053,0.769487961764667,0.448685856790425,0.824976500952509,[],[],0,35853487,413964,d12f2bd1-1f01-4252-b876-b29245f3176d,0,1
https://fileman.clobotics.cn/api/file/631b79dbdc08a9a185aaa89069458bc8,115,0.376203507184982,0.766139984130859,0.401344418525696,0.820791184902191,[],[],0,35853487,413964,d12f2bd1-1f01-4252-b876-b29245f3176d,0,1
https://fileman.clobotics.cn/api/file/cda61b0bc729ba7a3240807cc7c1dd6c,9,0.251258811876264,0.222014427185059,0.276408693716016,0.277960419654846,[],[],0,35853502,413964,1a8f6e8c-45b8-4ce8-a1da-49aff9a73ce0,0,1
https://fileman.clobotics.cn/api/file/cda61b0bc729ba7a3240807cc7c1dd6c,102,0.180151790380478,0.221611931920052,0.204840436577797,0.276790171861649,[],[],0,35853502,413964,1a8f6e8c-45b8-4ce8-a1da-49aff9a73ce0,0,1
https://fileman.clobotics.cn/api/file/cda61b0bc729ba7a3240807cc7c1dd6c,9,0.225945353507996,0.221618682146072,0.250401049852371,0.276872366666794,[],[],0,35853502,413964,1a8f6e8c-45b8-4ce8-a1da-49aff9a73ce0,0,1
https://fileman.clobotics.cn/api/file/1f64232021ffb6fe2195b26b7ecb178c,1056668,0.332517266273499,0.778071105480194,0.359430342912674,0.820905685424805,[],[],0,35853512,413964,ef881726-b11c-4454-a3d8-eaed0d9b49d4,0,1
https://fileman.clobotics.cn/api/file/1f64232021ffb6fe2195b26b7ecb178c,1056668,0.317947636677624,0.773431104830056,0.33280334932983,0.81165788810566,[],[],0,35853512,413964,ef881726-b11c-4454-a3d8-eaed0d9b49d4,0,1
https://fileman.clobotics.cn/api/file/1f64232021ffb6fe2195b26b7ecb178c,1056668,0.30492302775383,0.767395079135895,0.320301502943039,0.801354765892029,[],[],0,35853512,413964,ef881726-b11c-4454-a3d8-eaed0d9b49d4,0,1
https://fileman.clobotics.cn/api/file/0b52f7cd51fd983ecbe47c2c08155091,9,0.396983111028726,0.212184056639671,0.424296045427377,0.270275086164474,[],[],0,35853515,413964,abd68ce6-75db-4690-898a-16973028018c,0,1
https://fileman.clobotics.cn/api/file/1874c273e3f2f721d8f41cca54f4f9fb,291,0.25801694393158,0.213638652384784,0.289988487958908,0.27657308083823,[],[],0,35853531,413964,8a33becf-cda5-43a6-a46c-437528ca6c23,0,1
https://fileman.clobotics.cn/api/file/1874c273e3f2f721d8f41cca54f4f9fb,31,0.459277927875519,0.167969703674316,0.497895210981369,0.195655316114426,[],[],0,35853531,413964,8a33becf-cda5-43a6-a46c-437528ca6c23,0,1
https://fileman.clobotics.cn/api/file/1e374a0655f6167b71e6067f7ca9b0b3,75,0.388336390256882,0.757881045341492,0.440269619226456,0.83667379617691,[],[],0,35853547,413964,924a2666-0bb4-4f9c-be65-5f01621b4046,0,1
https://fileman.clobotics.cn/api/file/1e374a0655f6167b71e6067f7ca9b0b3,1,0.260355621576309,0.721709787845612,0.284957855939865,0.751825511455536,[],[],0,35853547,413964,924a2666-0bb4-4f9c-be65-5f01621b4046,0,1
https://fileman.clobotics.cn/api/file/88f804e1b315c58124c5e9ec974f6e8c,9,0.421758323907852,0.210308923955295,0.452225148677826,0.268225386376712,[],[],0,35853807,413964,1c837aef-d9f5-4577-a505-6300a7c49cc3,0,1
https://fileman.clobotics.cn/api/file/d0d6638acf3960110b8f54ff8be1b5fa,1,0.307419585969515,0.288816129588144,0.321447401350809,0.316231416352044,[],[],0,35853837,413964,adce37b4-e196-47aa-8c6f-cc47c5bbfddd,0,1
https://fileman.clobotics.cn/api/file/0210c1ff4712bd70fc9bb6220fee8a17,565,0.216766566038132,0.646415233612061,0.244803890585899,0.692383885383606,[],[],0,35853913,413964,dc1f2c44-7273-45f0-8037-aa6ab2e7d6c2,0,1
https://fileman.clobotics.cn/api/file/2ef7cb30ac5351719d0863ba4cac8b99,9,0.370949864387512,0.779746451839911,0.402950704097748,0.84131518886994,[],[],0,35853960,413964,f4a714ba-8871-4d67-8a05-08d590aedec6,0,1
https://fileman.clobotics.cn/api/file/2ef7cb30ac5351719d0863ba4cac8b99,9,0.337931931018829,0.780415236949921,0.368108034133911,0.835189044475555,[],[],0,35853960,413964,f4a714ba-8871-4d67-8a05-08d590aedec6,0,1
https://fileman.clobotics.cn/api/file/ed823f833cb47bd7ce4d867862211148,1049191,0.349861968967744,0.235225115883624,0.373133382742116,0.27807881148359,"[""keep-out"",""Unqualified""]",[],0,35853982,413964,7d9ff7d9-fb17-4508-b091-d81498d938da,0,1
https://fileman.clobotics.cn/api/file/b13b95f478f7ab13c0873c2a004dd624,191,0.185778513550758,0.776673078536987,0.215281188488007,0.838910400867462,[],[],0,35854045,413964,d728e525-b3a1-4b2c-bd21-77cf9efb7ee9,0,1
https://fileman.clobotics.cn/api/file/5d40f4b88799f87794a527507cfbfd24,195,0.231442883610725,0.774265348911285,0.252863585948944,0.805836379528046,[],[],0,35854047,413964,bbc5d4ca-acc9-48df-ad39-6a42fa73f07f,0,1
https://fileman.clobotics.cn/api/file/60301f9078ff052ed043ad2235d99aca,102,0.211501866579056,0.278756350278854,0.237805262207985,0.329386413097382,[],[],0,35854072,413964,520055e9-d0e1-49cc-831d-221bf950f8ed,0,1
https://fileman.clobotics.cn/api/file/16e78e6a9020ab43097e085e94fc6947,125,0.323836386203766,0.774065732955933,0.350938975811005,0.835364282131195,[],[],0,35854104,413964,238e292f-11ff-4db0-bf47-390af54f6357,0,1
https://fileman.clobotics.cn/api/file/590989302f872f4d53c696cef7452e7e,56,0.285491445394752,0.742934656060116,0.308325918900035,0.790228350929544,[],[],0,35854123,413964,34ea0e45-3fa5-4125-b24e-4b606be76b12,0,1
https://fileman.clobotics.cn/api/file/f2df2216d064c82f71ae5b17d2ef2215,9,0.398764295452717,0.216082140803337,0.421102389896875,0.269090605227881,[],[],0,35854126,413964,62e02be9-c582-48b3-8056-025c16f45ccf,0,1
https://fileman.clobotics.cn/api/file/b9ab4ba8ee166f2d2dfa03bb5969a5bf,102,0.216077864170074,0.277131825685501,0.237938761711121,0.317398577928543,[],[],0,35854134,413964,7d34c48a-24e9-4a31-93f9-78233680f656,0,1
https://fileman.clobotics.cn/api/file/b9ab4ba8ee166f2d2dfa03bb5969a5bf,9,0.186253592371941,0.213403970003128,0.21416237950325,0.267684876918793,[],[],0,35854134,413964,7d34c48a-24e9-4a31-93f9-78233680f656,0,1
https://fileman.clobotics.cn/api/file/ffe9222fd554c9998d23a66f9c6ddd57,1049191,0.278425544500351,0.236096739768982,0.306106388568878,0.281577855348587,"[""keep-out"",""Unqualified""]",[],0,35854140,413964,47bdbe86-a06d-41f8-8281-363de1bbce4c,0,1
https://fileman.clobotics.cn/api/file/cb172bab045784216ace2e0e57507547,62,0.282388703418506,0.739484488964081,0.310267003914418,0.789093852043152,[],[],0,35854144,413964,bcb09e2c-aeb7-4c0c-beea-2fb91a46db8e,0,1
https://fileman.clobotics.cn/api/file/b9a0f561aa717d4b08e0460faa433b9f,125,0.144380792975426,0.671072006225586,0.182538946540985,0.73059911540008,[],[],0,35854168,413964,3249fb3a-1750-424e-9bd3-10a54636270f,0,1
https://fileman.clobotics.cn/api/file/be5b5db259902e29a4d6b14452ee16ef,125,0.299868583679199,0.773917198181152,0.324379622936249,0.837883353233337,[],[],0,35854186,413964,4c3b1091-d2ef-4ebe-9f8b-ac62fe7c6cb1,0,1
https://fileman.clobotics.cn/api/file/5a86af9698bebee9368408ff651ac9ad,112,0.230965241789818,0.257895052433014,0.254683285951614,0.314904630184174,[],[],0,35854198,413964,69d3e7f8-c248-4f35-a745-5e29f130f052,0,1
https://fileman.clobotics.cn/api/file/1b589f9a52c2b5beb7cc090d90603add,102,0.219555139541626,0.209937587380409,0.252237528562546,0.270782202482224,[],[],0,35854276,413964,bd986da0-07fa-4264-a471-b36a4754da26,0,1
https://fileman.clobotics.cn/api/file/a3fbb65648b00070f06a4a17812721a4,1082389,0.346670836210251,0.204000383615494,0.37171283364296,0.250602602958679,[],[],0,35854311,413964,be72659f-d77d-41d4-992a-ed6865e49b4b,0,1
https://fileman.clobotics.cn/api/file/e9bf8ba5d42c8417951e6fcd0db3f365,112,0.33885595202446,0.242694601416588,0.362122893333435,0.285119712352753,[],[],0,35854334,413964,2ea1fe5f-8699-4d84-8929-2da495e68a96,0,1
https://fileman.clobotics.cn/api/file/b5d59917e8d3bc0cfb8dc835a9a5de46,102,0.281745344400406,0.673701882362366,0.304614305496216,0.72467303276062,[],[],0,35854351,413964,8a975e5d-6095-46a9-8fd3-df2b7205e370,0,1
https://fileman.clobotics.cn/api/file/9b2f7257938dce38f0ca2352a15a0f0b,9,0.219561904668808,0.221265405416489,0.247415706515312,0.285269498825073,[],[],0,35854375,413964,d6b53ebf-95a9-4aca-a9bd-baa26fa9a1c1,0,1
https://fileman.clobotics.cn/api/file/30bc27bd1291997bfc099aa107a941a8,1241,0.424542486667633,0.222434595227242,0.45687872171402,0.281376004219055,[],[],0,35854431,413964,4a233d2d-085a-4e98-a911-cd95e9f5eeb1,0,1
https://fileman.clobotics.cn/api/file/0964e971300bc54e7d8baea667fc9094,1039170,0.141960933804512,0.733426868915558,0.169070839881897,0.786425471305847,[],[],0,35854440,413964,84c3b9d0-b2dc-4ad3-b860-c68e3256d690,0,1
https://fileman.clobotics.cn/api/file/ebab58a00eefd05d17da08d19694046d,259,0.347080290317535,0.732085585594177,0.36687844991684,0.771247863769531,[],[],0,35854442,413964,27d12d03-6ed6-4b0c-b428-b2a5d933b2fd,0,1
https://fileman.clobotics.cn/api/file/094814cc53b8577fccddc95df13e5ec9,31,0.347547560930252,0.15633824467659,0.376439422369003,0.180115014314651,[],[],0,35854501,413964,ded94c3b-dded-40cd-85c3-33ab94831267,0,1
https://fileman.clobotics.cn/api/file/094814cc53b8577fccddc95df13e5ec9,12,0.402801752090454,0.157886072993279,0.432503789663315,0.180887773633003,[],[],0,35854501,413964,ded94c3b-dded-40cd-85c3-33ab94831267,0,1
https://fileman.clobotics.cn/api/file/8dbccc952a68038692f725913cdce6b5,9,0.453395217657089,0.252177804708481,0.48129478096962,0.31489622592926,[],[],0,35854523,413964,31413392-c36f-438a-93a5-ffa8b161d6da,0,1
https://fileman.clobotics.cn/api/file/91e1c67649ca7f761b7327a75c2bb29c,33,0.430031359195709,0.725489675998688,0.452613234519959,0.76259309053421,[],[],0,35854558,413964,2f0858ba-3735-4d9b-ae80-4c3c73868c1f,0,1
https://fileman.clobotics.cn/api/file/a88796c3f5d6389ea9c7f3371eab22cb,2678,0.300547063350677,0.168094471096992,0.334243565797806,0.197755470871925,[],[],0,35854596,413964,50069785-9022-4cf7-9edf-39670d946be2,0,1
https://fileman.clobotics.cn/api/file/a88796c3f5d6389ea9c7f3371eab22cb,2672,0.394006550312042,0.231804892420769,0.435475170612335,0.267292320728302,[],[],0,35854596,413964,50069785-9022-4cf7-9edf-39670d946be2,0,1
https://fileman.clobotics.cn/api/file/fbc95e6c42733f6252b6c47ac5fd73ab,2672,0.424195319414139,0.233616888523102,0.469324201345444,0.268299579620361,[],[],0,35854626,413964,1fc7b0ce-aab4-49ba-81b3-d48efd9a5262,0,1
https://fileman.clobotics.cn/api/file/8c6c133c060c88ba7d1cfe02d130148f,124,0.343691268041644,0.288488486916078,0.378543891981158,0.342001089960588,[],[],0,35854630,413964,b80a5d43-761c-43b4-8e01-639d55d31a1d,0,1
https://fileman.clobotics.cn/api/file/ad6f1900d1de0fe2e036d02068ec7926,1,0.175301730632782,0.223563700914383,0.202509477734566,0.268535494804382,[],[],0,35854635,413964,c2a94964-8cce-4803-b745-31371057d45d,0,1
https://fileman.clobotics.cn/api/file/92d05698055d84db5e97f0aa8adff12d,226,0.375685781240463,0.706244051456451,0.404268652200699,0.763225972652435,[],[],0,35854636,413964,3fc213b0-e1d9-41d4-90e2-197bbf1e9208,0,1
https://fileman.clobotics.cn/api/file/57354947a986da117699f9564d693ee6,102,0.192615583539009,0.242100819945335,0.217285394668579,0.291265189647675,[],[],0,35854662,413964,9931635d-f29e-44b9-a592-68b6c6540e68,0,1
https://fileman.clobotics.cn/api/file/4e01f7413bb727ea26d975b665d2ce6f,191,0.223446369171143,0.662665353311499,0.253869652748108,0.713613794340094,[],[],0,35854663,413964,c359b2ec-3f0c-422b-9e00-7f8d6f680c9d,0,1
https://fileman.clobotics.cn/api/file/4edc3fb286a634b0a11d8e2e71308608,9,0.180075481534004,0.212076798081398,0.206176206469536,0.271794378757477,[],[],0,35854690,413964,e2e3f4b7-e57d-4601-b6ef-296dbe28289f,0,1
https://fileman.clobotics.cn/api/file/7974e3996c62ebe29a68d34aabfbfb0b,124,0.346121340990067,0.71362692117691,0.379909694194794,0.756044805049896,[],[],0,35854698,413964,602975b8-bf37-4837-8515-586f12dca90e,0,1
https://fileman.clobotics.cn/api/file/25bb4d9441e3ecc5b227ab2a65bb61f8,175,0.341780960559845,0.221842780709267,0.368709146976471,0.248606994748116,[],[],0,35854722,413964,3abac20f-79b8-4b60-9f61-7e02cc52383a,0,1
https://fileman.clobotics.cn/api/file/c7cc26f90efa1e2f67ea9b2fb5af7970,31,0.309779524803162,0.158781915903091,0.335846334695816,0.179857924580574,[],[],0,35854808,413964,68cb20a8-903f-4eb2-a04e-ac28d87f3beb,0,1
https://fileman.clobotics.cn/api/file/c7cc26f90efa1e2f67ea9b2fb5af7970,126,0.28178945183754,0.700378358364105,0.318211168050766,0.761715292930603,[],[],0,35854808,413964,68cb20a8-903f-4eb2-a04e-ac28d87f3beb,0,1
https://fileman.clobotics.cn/api/file/f9f11a4705796c07178b29a77a4a8fd7,124,0.339679181575775,0.775409638881683,0.364757984876633,0.800990402698517,[],[],0,35854924,413964,89c2120c-6ad3-4ca4-959c-194e00ca655e,0,1
https://fileman.clobotics.cn/api/file/0d52babc5972ef1319a38af1e26fab0d,1456,0.357158780097961,0.721577882766724,0.384287506341934,0.767911374568939,[],[],0,35855055,413964,245126c7-29bb-48ce-9178-549bf7ad0ae7,0,1
https://fileman.clobotics.cn/api/file/d94a93531192f178dc509ae4146bf0e1,5,0.22222310053791,0.177735952480883,0.244938185939708,0.203130677342415,[],[],0,35855166,413964,2972567e-952e-491a-8031-4aa1039936ef,0,1
https://fileman.clobotics.cn/api/file/d94a93531192f178dc509ae4146bf0e1,112,0.339431762695313,0.714117288589478,0.370328515768051,0.768218696117401,[],[],0,35855166,413964,2972567e-952e-491a-8031-4aa1039936ef,0,1
https://fileman.clobotics.cn/api/file/737d9be2737b6dd1dc513b5686badcba,125,0.278049916028976,0.704628109931946,0.308925718069077,0.763862669467926,[],[],0,35855259,413964,c4ba552d-d1d7-4396-9dee-569ce2b515ac,0,1
https://fileman.clobotics.cn/api/file/90510339e2eae2289f7009a0a2e2f069,31,0.200935131187384,0.758020037189755,0.231822571034377,0.791140252128873,"[""Normal""]",[],0,35855307,413964,95655cbc-62e9-447c-820d-4e0a770d71a8,0,1
https://fileman.clobotics.cn/api/file/12210dd477090a2329322023272fee98,125,0.298886507749558,0.771372675895691,0.320719063282013,0.825428664684296,[],[],0,35855404,413964,25bcd13e-d59a-476b-87ee-ce6369430afa,0,1
https://fileman.clobotics.cn/api/file/6eb7273aae3f96e858918e70bb21fa24,102,0.259569972753525,0.212862804532051,0.285112917423248,0.270366638898849,[],[],0,35855432,413964,4d501035-9aa8-41c1-a60d-2f36330ed37b,0,1
https://fileman.clobotics.cn/api/file/52bed36f679a4f02710be5083b82672f,4,0.335078358650208,0.161075666546822,0.360750257968903,0.189002096652985,[],[],0,35855433,413964,601f8257-844d-4735-bb33-09178bbc83bc,0,1
https://fileman.clobotics.cn/api/file/18b464015b19c201631022504f89838a,1039048,0.288824647665024,0.206311002373695,0.31774976849556,0.261299550533295,[],[],0,35855435,413964,ccd4f159-cff6-4a57-9c66-06193fcb814c,0,1
https://fileman.clobotics.cn/api/file/259028213d15681d1102f1b0b8aebd03,36,0.365766227245331,0.213531911373138,0.392205417156219,0.271042346954346,[],[],0,35855436,413964,8f041231-890d-4a8c-a48a-4b15046ad341,0,1
https://fileman.clobotics.cn/api/file/e91d4c592b9c6bde282c884aff0e8543,4,0.153332153086717,0.707340955734253,0.184756243352945,0.744760274887085,[],[],0,35855465,413964,6779a76a-5941-4460-8031-de5d75de14fa,0,1
https://fileman.clobotics.cn/api/file/7670d8b38c0b0a567c277898127e4a6b,8,0.247128759063737,0.279984563589096,0.267959286011712,0.302363723516464,[],[],0,35855475,413964,f036dc55-c313-4264-a93a-60e945bc1f5b,0,1
https://fileman.clobotics.cn/api/file/07eec5d5990ff3d1bec6f525fc6c93b2,102,0.390787243843079,0.696104109287262,0.423145294189453,0.753959715366364,[],[],0,35855484,413964,28ae3499-2c38-40dd-b754-28189d143f85,0,1
https://fileman.clobotics.cn/api/file/a83bfd173ff511289016f74cbb529563,191,0.187916681170464,0.769970893859863,0.215916439890862,0.826111257076263,[],[],0,35855513,413964,d310071a-ba15-491e-b3b7-5f0064a19e7e,0,1
https://fileman.clobotics.cn/api/file/a83bfd173ff511289016f74cbb529563,191,0.155431881546974,0.779021739959717,0.18620191514492,0.841289937496185,[],[],0,35855513,413964,d310071a-ba15-491e-b3b7-5f0064a19e7e,0,1
https://fileman.clobotics.cn/api/file/807d3033e99c91961c614182978d213d,1040139,0.255478590726852,0.729797780513763,0.27522885799408,0.768314957618713,[],[],0,35855517,413964,28925837-320f-4f92-b977-2e3a00be6ab7,0,1
https://fileman.clobotics.cn/api/file/c7786df8676e42336c4b9f6e186ec987,112,0.292351484298706,0.244692802429199,0.317990481853485,0.298340946435928,"[""keep-out"",""Unqualified""]",[],0,35855530,413964,5898e14a-f7af-4327-a413-0a53f8214df7,0,1
https://fileman.clobotics.cn/api/file/b07a3b8cd7aa76db141308999cdd67f5,239,0.178882747888565,0.670692443847656,0.205847457051277,0.715839028358459,[],[],0,35855540,413964,90d9f281-9e89-4793-9181-770061fa9352,0,1
https://fileman.clobotics.cn/api/file/aa2a20a0a0240f152e19f2c73a4a225c,8,0.249665752053261,0.228803716608595,0.273278442586237,0.258281471387296,"[""Normal""]",[],0,35855545,413964,ecc12afd-020c-4382-bfe4-538fa64aa7ac,0,1
https://fileman.clobotics.cn/api/file/aa2a20a0a0240f152e19f2c73a4a225c,8,0.228447958827019,0.242091789841652,0.248932018876076,0.260495215654373,"[""Normal""]",[],0,35855545,413964,ecc12afd-020c-4382-bfe4-538fa64aa7ac,0,1
https://fileman.clobotics.cn/api/file/aa2a20a0a0240f152e19f2c73a4a225c,109,0.269887328147888,0.675452351570129,0.297567129135132,0.729729294776917,"[""Normal""]",[],0,35855545,413964,ecc12afd-020c-4382-bfe4-538fa64aa7ac,0,1
https://fileman.clobotics.cn/api/file/eec6f6e07ea3135c8a61142dedace8a6,32,0.24950797855854,0.202587813138962,0.274321496486664,0.242394477128983,[],[],0,35855592,413964,e4eed317-cade-4be8-bac2-5a4e93d7aa2a,0,1
https://fileman.clobotics.cn/api/file/eb1ac47d83e4ba971fce1163cbfc3580,1463,0.193265164789407,0.721523349991384,0.216533525223459,0.769774254695847,[],[],0,35855607,413964,f20ee116-e503-4f88-87f5-5cabda58ce85,0,1
https://fileman.clobotics.cn/api/file/17d2f4c7bf03c5ec64110368fd155b5e,13,0.421486854553223,0.159748926758766,0.450552225112915,0.19104591012001,[],[],0,35855628,413964,aaa222a3-16ba-4d2b-9a40-b3fd58fb2a0a,0,1
https://fileman.clobotics.cn/api/file/2134c50df1f6f61638298258d9322fed,175,0.31761047244072,0.222053185105324,0.342315852642059,0.24572841823101,[],[],0,35855635,413964,6f2054ac-d4b8-4371-a372-6ff373af7fa8,0,1
https://fileman.clobotics.cn/api/file/79bd6a13b9ca96587013e2e19fb7ef76,481,0.311831444501877,0.767445504665375,0.337960749864578,0.822230517864227,[],[],0,35855658,413964,7cbd4c06-f385-48c0-bf0f-ef0fa5ef1915,0,1
https://fileman.clobotics.cn/api/file/79bd6a13b9ca96587013e2e19fb7ef76,481,0.337980002164841,0.768824636936188,0.366840004920959,0.823903799057007,[],[],0,35855658,413964,7cbd4c06-f385-48c0-bf0f-ef0fa5ef1915,0,1
https://fileman.clobotics.cn/api/file/5ff6fc6768fa735426467b80d359b546,9,0.158357739448547,0.212768748402596,0.187036827206612,0.269649982452393,[],[],0,35855665,413964,93fb3de4-94bb-4c39-bdc8-46709a9906ff,0,1
https://fileman.clobotics.cn/api/file/aeae21487923186ab68d03c66c06a4e7,1,0.18443252146244,0.754956603050232,0.224040806293488,0.833155751228333,"[""Normal""]",[],0,35855669,413964,c39f8594-35fa-4137-932c-32bc515371bb,0,1
https://fileman.clobotics.cn/api/file/aeae21487923186ab68d03c66c06a4e7,1039048,0.195381879806519,0.687972486019135,0.224201932549477,0.740783393383026,"[""Normal""]",[],0,35855669,413964,c39f8594-35fa-4137-932c-32bc515371bb,0,1
https://fileman.clobotics.cn/api/file/9d31670c9b17fc19edc4f9fc463ad71e,4,0.291978359222412,0.286526560783386,0.31833490729332,0.322666496038437,[],[],0,35855671,413964,b85bc972-7716-4bda-bca2-896059cad68e,0,1
https://fileman.clobotics.cn/api/file/4f0da52bcf7875144f5b48df1c3addba,226,0.271798168291746,0.218018700928068,0.291655127873121,0.266132210940695,[],[],0,35855700,413964,0eb0668f-be77-43a0-8158-63b12c7f946d,0,1
https://fileman.clobotics.cn/api/file/f47e25b2282a7c79ab2a88dcd704fdb4,177,0.317939102649689,0.191315948963165,0.363086611032486,0.238628506660461,[],[],0,35855705,413964,816ec513-96aa-43ea-a9ac-4fcd13ca0f5f,0,1
https://fileman.clobotics.cn/api/file/b92b47868b546e2c1b29d0653bd1f37f,291,0.261200219392776,0.2132688164711,0.293866693973541,0.270015597343445,[],[],0,35855712,413964,08d42f3a-5fa2-4db9-a048-6bad863cb8f7,0,1
https://fileman.clobotics.cn/api/file/eaa52031b853431b2a613eecd553ad18,191,0.255724519491196,0.66438090801239,0.284278392791748,0.713294148445129,[],[],0,35855713,413964,138021cb-53f9-4711-87d8-a3451c274fe6,0,1
https://fileman.clobotics.cn/api/file/eaa52031b853431b2a613eecd553ad18,226,0.324862811062377,0.727109789848328,0.352741111558289,0.784997284412384,[],[],0,35855713,413964,138021cb-53f9-4711-87d8-a3451c274fe6,0,1
https://fileman.clobotics.cn/api/file/50a14071d0d2cdc6d9623e673315aa5e,1593,0.315699212944872,0.32422125267095,0.340490217335471,0.3570881900388,[],[],0,35855723,413964,26defb19-809f-4ef3-a086-fec9190587ac,0,1
https://fileman.clobotics.cn/api/file/991a6ceb0688b5b2b6b9cb108c145cee,102,0.245462417602539,0.21302205324173,0.268915355205536,0.273348420858383,[],[],0,35855726,413964,8c13ffbb-5279-482b-be18-54dca180468b,0,1
https://fileman.clobotics.cn/api/file/d954c4928f0fa5153824317f41aaedb5,1,0.398757115781649,0.21380511995711,0.412035196539477,0.257322017500379,[],[],0,35855741,413964,186ee51a-84ad-40ef-90d4-9aef87047811,0,1
https://fileman.clobotics.cn/api/file/b8f1dec1e9f1b3919a618513c5791ae1,1071258,0.42053346794763,0.235429950025849,0.436607006405363,0.278051582514791,[],[],0,35855771,413964,983b60e6-949a-439f-b26d-4b06875c2ba1,0,1
https://fileman.clobotics.cn/api/file/816f176de639a86c2c2e1121f1e9bf9e,1,0.329888799331029,0.278333046125567,0.349483208117598,0.324516054914125,[],[],0,35855775,413964,3c07b491-7d75-4d29-96a5-cd29f8e268ac,0,1
https://fileman.clobotics.cn/api/file/30a532e048d96c45900a6e75d9fdf445,125,0.262461632490158,0.770398259162903,0.289321005344391,0.805171430110931,[],[],0,35855786,413964,bb184bfe-ad8a-4a59-80e6-bf1d5d024bf9,0,1
https://fileman.clobotics.cn/api/file/fe6ff9861a409ab4b0d03784666b158e,12,0.250070035457611,0.732591927051544,0.278704464435577,0.761447906494141,"[""Normal""]",[],0,35855830,413964,bf69b642-f739-46ba-b71d-1c440678c852,0,1
https://fileman.clobotics.cn/api/file/10e4a97aeb0878ffb23b9e70bb09ca2a,1062,0.418788075447083,0.340092748403549,0.448779672384262,0.389618992805481,[],[],0,35855898,413964,13ed0d50-eb34-465f-bf41-cc79c1973d82,0,1
https://fileman.clobotics.cn/api/file/5f59e493fa1d00f89f9b9b1fbc1ec6f8,174,0.188306823372841,0.215160638093948,0.214604184031487,0.239752218127251,[],[],0,35855912,413964,3f64d19e-b5a3-4a88-9ed3-0aaf0c60a7ad,0,1
https://fileman.clobotics.cn/api/file/d1bf70d9582d00953bcc1b5f0454a9f7,226,0.299183986112562,0.653956770896912,0.324653885290113,0.69147390127182,[],[],0,35855913,413964,58f883f5-e4d8-4616-9a2c-ef4cbadce099,0,1
https://fileman.clobotics.cn/api/file/facaa659a03a4b2dc8ac64dce39955b8,1052174,0.367809325456619,0.662665128707886,0.395625770092011,0.707500576972961,[],[],0,35855936,413964,8ff67dbd-0681-482b-b869-178800d3457c,0,1
https://fileman.clobotics.cn/api/file/f4219c52300841d47e3c929bc76708fb,4,0.248823955655098,0.191615387797356,0.273256659507751,0.224950954318047,[],[],0,35855945,413964,e1c48e60-0745-43d8-8bdb-3167c7950ffb,0,1
https://fileman.clobotics.cn/api/file/f4219c52300841d47e3c929bc76708fb,32,0.351301997900009,0.191640794277191,0.377550095319748,0.225697159767151,[],[],0,35855945,413964,e1c48e60-0745-43d8-8bdb-3167c7950ffb,0,1
https://fileman.clobotics.cn/api/file/8debaf4c049e16e84c1ecba0ce071f2b,124,0.306198865175247,0.778350601946712,0.325189464941288,0.795289200952798,[],[],0,35855951,413964,04dfa93b-ab71-42a4-b86d-fc3789d72764,0,1
https://fileman.clobotics.cn/api/file/b9697c3a6a41500f09c2208a4eac72a6,1456,0.384717345237732,0.721595466136932,0.407647460699081,0.765869855880737,[],[],0,35855969,413964,ef6a2d93-a560-4ba7-90c7-258e4b5b745e,0,1
https://fileman.clobotics.cn/api/file/c1b60e478d1e9d9d5f5a54ec665abe8e,2107,0.225331813097,0.292655050754547,0.250360429286957,0.346414595842361,[],[],0,35855996,413964,b8592a4d-a056-49b7-8905-1c77e79105fd,0,1
https://fileman.clobotics.cn/api/file/c1b60e478d1e9d9d5f5a54ec665abe8e,36,0.352762639522552,0.221380203962326,0.37983176112175,0.277629733085632,[],[],0,35855996,413964,b8592a4d-a056-49b7-8905-1c77e79105fd,0,1
https://fileman.clobotics.cn/api/file/c417cd9791d4207b47685e1d508ed658,1086530,0.42123082280159,0.662354707717896,0.457980632781982,0.707581698894501,[],[],0,35856102,413964,d31d8284-2a53-4584-985f-f5c128e61692,0,1
https://fileman.clobotics.cn/api/file/0c30bdea117a8defa2ea4040232da641,124,0.297930717468262,0.244011342525482,0.331229746341705,0.297843545675278,"[""Normal""]",[],0,35856112,413964,f8799fc2-3afc-4b78-b15a-18d2f429aeee,0,1
https://fileman.clobotics.cn/api/file/42567f8f19d0233437999b8fd6e23fae,21,0.358599752187729,0.233442962169647,0.385448962450027,0.282317578792572,[],[],0,35856138,413964,c35be511-d2c8-4c95-9b7f-bfa096ff19fa,0,1
https://fileman.clobotics.cn/api/file/9aa7787fb92dde063b73f615aca477ef,1,0.179749518632889,0.79501086473465,0.210509076714516,0.846305429935455,[],[],0,35856180,413964,a26ec929-0536-4599-b468-907a0fcb836b,0,1
https://fileman.clobotics.cn/api/file/94bc2d74e9cd74adf03c97700aa800c4,226,0.32786650233875,0.728926181793213,0.35635019117008,0.792500376701355,[],[],0,35856216,413964,966cda98-1852-4223-8e74-c15784e0f417,0,1
https://fileman.clobotics.cn/api/file/94bc2d74e9cd74adf03c97700aa800c4,1049191,0.173956513404846,0.655439138412476,0.213812232017517,0.711810231208801,[],[],0,35856216,413964,966cda98-1852-4223-8e74-c15784e0f417,0,1
https://fileman.clobotics.cn/api/file/09c03d9f2b89fc24e7ff4b419958307c,191,0.21942500770092,0.659913182258606,0.250898540019989,0.713253557682037,[],[],0,35856263,413964,c8fc54cb-3321-4c3f-ba18-8ab339b3e0e1,0,1
https://fileman.clobotics.cn/api/file/f49329a2942c760245fabee744e06cfe,177,0.149747937917709,0.269199967384338,0.1944420337677,0.32022413611412,[],[],0,35856308,413964,966911d9-03aa-4b38-ab07-cb641e8e8f50,0,1
https://fileman.clobotics.cn/api/file/b6cb2987fca55626b55011f3c9a802f5,1,0.314131309401082,0.167440960123887,0.337482097805464,0.201738366526178,[],[],0,35856310,413964,923c8594-cbc1-4008-9d65-5fb76e3cc4b1,0,1
https://fileman.clobotics.cn/api/file/b6cb2987fca55626b55011f3c9a802f5,191,0.162891158323984,0.774140461258218,0.188769641037947,0.829170004554465,[],[],0,35856310,413964,923c8594-cbc1-4008-9d65-5fb76e3cc4b1,0,1
https://fileman.clobotics.cn/api/file/b6cb2987fca55626b55011f3c9a802f5,191,0.173846568326483,0.767634533488192,0.193105774659217,0.774045683313976,[],[],0,35856310,413964,923c8594-cbc1-4008-9d65-5fb76e3cc4b1,0,1
https://fileman.clobotics.cn/api/file/b6cb2987fca55626b55011f3c9a802f5,102,0.235882658607515,0.211720406319709,0.270961927284996,0.247260476006121,[],[],0,35856310,413964,923c8594-cbc1-4008-9d65-5fb76e3cc4b1,0,1
https://fileman.clobotics.cn/api/file/ca5dbb22db0a5ac620fdfb3e377fbcfa,1049191,0.183808788657188,0.677640438079834,0.209421530365944,0.713760495185852,[],[],0,35856323,413964,9942457c-3a39-44a0-ba1f-2325e825b6c1,0,1
https://fileman.clobotics.cn/api/file/563ae5fafac5a07e04036605b0eea86f,2036,0.323210150003433,0.270768523216248,0.356695652008057,0.314980149269104,[],[],0,35856324,413964,b20eded9-2725-42b5-86b0-bd3ef9b86acb,0,1
https://fileman.clobotics.cn/api/file/68325ae547be2680eedd3b069bb11eb7,481,0.422718405723572,0.163908183574677,0.456840693950653,0.217285484075546,[],[],0,35856330,413964,82a3e263-063e-41e3-939f-3ba5b9decf6e,0,1
https://fileman.clobotics.cn/api/file/2b888dac4c179ec7c9b90b3ef0107b9e,102,0.150960013270378,0.307036727666855,0.181104466319084,0.351401776075363,[],[],0,35856332,413964,e70d46db-cba3-4242-8764-cff6e5f21154,0,1
https://fileman.clobotics.cn/api/file/2b888dac4c179ec7c9b90b3ef0107b9e,102,0.182905897498131,0.307047426700592,0.207416385412216,0.337966293096542,[],[],0,35856332,413964,e70d46db-cba3-4242-8764-cff6e5f21154,0,1
https://fileman.clobotics.cn/api/file/2b888dac4c179ec7c9b90b3ef0107b9e,191,0.424190938472748,0.775213837623596,0.454034596681595,0.836866438388824,[],[],0,35856332,413964,e70d46db-cba3-4242-8764-cff6e5f21154,0,1
https://fileman.clobotics.cn/api/file/2b888dac4c179ec7c9b90b3ef0107b9e,25,0.352396159325035,0.237577678386498,0.36628440752456,0.282728115321534,[],[],0,35856332,413964,e70d46db-cba3-4242-8764-cff6e5f21154,0,1
https://fileman.clobotics.cn/api/file/400b59b95f3452432fb44e81ff9cdad1,75,0.273282766342163,0.757295668125153,0.312557697296143,0.837717175483704,[],[],0,35856336,413964,6b9bc26c-1127-4205-8eb5-b3523fa27f9b,0,1
https://fileman.clobotics.cn/api/file/b552da15c963b0b2851ff4c3d90a31c2,1990,0.195243552327156,0.273333936929703,0.238723739981651,0.324956625699997,[],[],0,35856361,413964,dd0d8887-d422-4ca5-a678-b308568bef12,0,1
https://fileman.clobotics.cn/api/file/a99d11e5159b8075d0f9443b7d5ecd48,18,0.177792921662331,0.654872238636017,0.206341296434402,0.701074242591858,[],[],0,35856375,413964,086783ca-1a5b-47df-aaef-a7c57d18147f,0,1
https://fileman.clobotics.cn/api/file/a99d11e5159b8075d0f9443b7d5ecd48,18,0.205234885215759,0.656513810157776,0.230531349778175,0.70236200094223,[],[],0,35856375,413964,086783ca-1a5b-47df-aaef-a7c57d18147f,0,1
https://fileman.clobotics.cn/api/file/ae97bec0aaa61ab9ec44406bce6263d2,1080728,0.358826339244843,0.679189801216125,0.383995652198792,0.718471050262451,"[""keep-out"",""Unqualified""]",[],0,35856447,413964,391ca27a-82a7-4483-a7ae-9db4802bc3a2,0,1
https://fileman.clobotics.cn/api/file/a772375edcb23711b6d1d13d3a1a0d41,193,0.347677975893021,0.767784297466278,0.376593023538589,0.81895637512207,[],[],0,35856476,413964,872e85fa-0cbc-4eda-8406-5dafd6e3b034,0,1
https://fileman.clobotics.cn/api/file/41c4ad215ed5f3e1e67bfa90214c4f36,1456,0.317906707525253,0.721956670284271,0.339458137750626,0.767059624195099,[],[],0,35856569,413964,8e162b26-25d6-4699-8710-9fef0bd90ef5,0,1
https://fileman.clobotics.cn/api/file/d3dd3b09d0dc53e1fc73b20ca0dcf797,124,0.412571102380753,0.71453058719635,0.446682304143906,0.764620423316956,[],[],0,35856593,413964,2f60737f-b49d-4ae2-9b6b-57da4e5d9dd7,0,1
https://fileman.clobotics.cn/api/file/f11fc133733549a9afb28d6d84f88a39,112,0.388278913379994,0.300898939371109,0.407898818985573,0.348733844415098,"[""Normal""]",[],0,35856671,413964,5694f9b3-1cf5-4141-a2a3-f2e61fa73638,0,1
https://fileman.clobotics.cn/api/file/97a59bd7e9b1d67d0b12641b51b78607,1052174,0.174555316567421,0.657512485980988,0.204018965363503,0.702666759490967,[],[],0,35856682,413964,9aa8ce7a-6b6b-4bfa-891e-e438d32e219f,0,1
https://fileman.clobotics.cn/api/file/97a59bd7e9b1d67d0b12641b51b78607,5,0.353098928928375,0.720880508422852,0.378328740596771,0.756476640701294,[],[],0,35856682,413964,9aa8ce7a-6b6b-4bfa-891e-e438d32e219f,0,1
https://fileman.clobotics.cn/api/file/c6a9c3ee47ceed249bfc90b517b8b7da,191,0.252945721149445,0.665123045444489,0.281324207782745,0.713879108428955,[],[],0,35856739,413964,5a3acf50-67f7-4b01-8e3a-5e3d192a30da,0,1
https://fileman.clobotics.cn/api/file/c6a9c3ee47ceed249bfc90b517b8b7da,191,0.222161188721657,0.664211750030518,0.251859545707703,0.713850319385529,[],[],0,35856739,413964,5a3acf50-67f7-4b01-8e3a-5e3d192a30da,0,1
https://fileman.clobotics.cn/api/file/075234e5a37755c55ec68baeadada04c,2032,0.283550828695297,0.268303275108337,0.320997059345245,0.314454346895218,[],[],0,35856752,413964,9e37a929-1a03-4314-a695-0b7fe03d2b01,0,1
https://fileman.clobotics.cn/api/file/075234e5a37755c55ec68baeadada04c,126,0.423179984092712,0.721226394176483,0.459680318832397,0.780688107013702,[],[],0,35856752,413964,9e37a929-1a03-4314-a695-0b7fe03d2b01,0,1
https://fileman.clobotics.cn/api/file/5241a305c6ce801cda1b27ab50c5d8d3,1033366,0.393055766820908,0.720576882362366,0.427303582429886,0.78184175491333,[],[],0,35856765,413964,3101d4d7-7b78-466f-b89b-2322169d1d0c,0,1
https://fileman.clobotics.cn/api/file/28520029ae85f288b7718b14358f7adc,210,0.200312212109566,0.681434392929077,0.22668893635273,0.706609964370728,"[""Underexposed"",""Unqualified""]",[],0,35856771,413964,95cc3207-4dc6-46ef-8c3a-82cdd156dc66,0,1
https://fileman.clobotics.cn/api/file/ce73bfdd306b53d3bdca57525b684bd6,1052452,0.191042935236498,0.664092720094566,0.217887973173662,0.691805542055015,[],[],0,35856786,413964,eb8a46da-d436-4b34-a239-b884389210df,0,1
https://fileman.clobotics.cn/api/file/b11d8124379f0e9f6b9c61f2a268df4d,125,0.375068813378743,0.702701014301087,0.414239060634112,0.765886842541895,[],[],0,35856795,413964,254c95d2-aa78-4abf-ad66-db25e7bac137,0,1
https://fileman.clobotics.cn/api/file/01c2854832383a049ef90a138f4663e8,124,0.345614013667952,0.181121632186947,0.379071263070952,0.226993113486348,[],[],0,35856825,413964,5f3a3d63-b392-4005-946f-e78dc1bcffa6,0,1
https://fileman.clobotics.cn/api/file/99bcf2e0948dc190cc4355b78a61ca51,12,0.289755165576935,0.21108204126358,0.321105241775513,0.238472446799278,[],[],0,35856864,413964,96871af4-bdf3-451b-8251-6752d96ec5cb,0,1
https://fileman.clobotics.cn/api/file/da4dc7c980757b9547cf8bc0890fac29,13,0.221516832709312,0.283247739076614,0.246223866939545,0.309760928153992,[],[],0,35856873,413964,213c3c8a-0b2d-4af9-a3a8-c89f94d1cfb4,0,1
https://fileman.clobotics.cn/api/file/f7e5974e762145c902c893e8c0e3f3c4,1040352,0.242453507387274,0.156771824125912,0.267026103341215,0.197453871731427,[],[],0,35856883,413964,7eca6511-7dbe-4905-afcd-e29b0af745c7,0,1
https://fileman.clobotics.cn/api/file/07f05406e1b50167647c07c2631d9b52,3,0.397657041360503,0.204233598408912,0.433864796829072,0.222241579558653,"[""keep-out"",""Unqualified""]",[],0,35856971,413964,8f0e4bc8-456d-46d9-9878-3cbb12b562b8,0,1
https://fileman.clobotics.cn/api/file/c5e94a7cd61aedad7e9a399b7478bdd7,2717,0.324649184942245,0.190025746822357,0.347554504871368,0.20780223608017,[],[],0,35857048,413964,55d7da2b-b01b-47c4-bb71-53f060d38600,0,1
https://fileman.clobotics.cn/api/file/1c407846652b056639c922282853696b,193,0.396762311458588,0.73666650056839,0.427279055118561,0.785257577896118,[],[],0,35857206,413964,0d1d8b41-f98f-4f04-bd91-8532e333021f,0,1
https://fileman.clobotics.cn/api/file/e2285b090b31bb87ce639ab12ef0f498,3,0.237174078822136,0.26395520567894,0.263114839792252,0.296754270792007,[],[],0,35857228,413964,18a2fb9a-ce1d-4da6-b19a-7b9a747b2b92,0,1
https://fileman.clobotics.cn/api/file/e2285b090b31bb87ce639ab12ef0f498,3,0.263815343379974,0.260883688926697,0.285420149564743,0.290578901767731,[],[],0,35857228,413964,18a2fb9a-ce1d-4da6-b19a-7b9a747b2b92,0,1
https://fileman.clobotics.cn/api/file/7ecc5f80aa2e99f466a397dd1c16ddc1,1040338,0.327273867304183,0.745774686336517,0.344867133751179,0.799070847851336,[],[],0,35857230,413964,a374acda-3306-476a-a043-6533f5163d27,0,1
https://fileman.clobotics.cn/api/file/7ecc5f80aa2e99f466a397dd1c16ddc1,416,0.307912230491638,0.74546480178833,0.325250834226608,0.807223498821259,[],[],0,35857230,413964,a374acda-3306-476a-a043-6533f5163d27,0,1
https://fileman.clobotics.cn/api/file/486d48acc0e225be3c89b8063f74f902,5,0.16626638174057,0.142548769712448,0.196824282407761,0.178983628749847,[],[],0,35857244,413964,d6be10fc-a9b7-4901-add7-a1328cee63c9,0,1
https://fileman.clobotics.cn/api/file/55d451aa6ec5cbdc723d0a151854c996,109,0.299819648265839,0.62960559129715,0.330319970846176,0.691357553005219,[],[],0,35857267,413964,956e5aee-d6d1-4859-a106-683429111386,0,1
https://fileman.clobotics.cn/api/file/23c7ee7d6c5abe1648bde4b1d5d80148,75,0.175267562270164,0.739691138267517,0.217829212546349,0.815897345542908,[],[],0,35857280,413964,d91230c6-c91f-4d21-82be-5ba8ea554a91,0,1
https://fileman.clobotics.cn/api/file/9731da120822459dd95dd5779255d74d,109,0.427073061466217,0.638144969940186,0.463895231485367,0.692691385746002,"[""keep-out"",""Unqualified""]",[],0,35857301,413964,e6e3e809-8657-48cf-87b9-cdafdeb513b6,0,1
https://fileman.clobotics.cn/api/file/f50447453049b4c2956829f053ccbfc5,1049191,0.170010328292847,0.660623729228973,0.207351252436638,0.711499691009521,[],[],0,35857325,413964,b26fbf24-e32a-4e26-839a-9cf28315d71f,0,1
https://fileman.clobotics.cn/api/file/1c0f54c05039540ff9a48aa73682bac4,1077095,0.431177914142609,0.76871657371521,0.469710111618042,0.83532977104187,[],[],0,35857332,413964,eb8bd28a-2571-4f5e-877b-bd9b56da0a06,0,1
https://fileman.clobotics.cn/api/file/1c0f54c05039540ff9a48aa73682bac4,1077095,0.347337961196899,0.770614785364419,0.372881137981678,0.832201256818472,[],[],0,35857332,413964,eb8bd28a-2571-4f5e-877b-bd9b56da0a06,0,1
https://fileman.clobotics.cn/api/file/b34d899cf4cfef34cc5f7512f5b01d39,125,0.203387200832367,0.142873927950859,0.241300255060196,0.20438177883625,[],[],0,35857363,413964,93554a37-bdea-47d4-a5fc-55d476076ad0,0,1
https://fileman.clobotics.cn/api/file/d0b32da54b9fbca8e9b68c7786e32530,125,0.265677988529205,0.276008427143097,0.29202327132225,0.312644451856613,[],[],0,35857378,413964,9b4d9798-99e0-405c-b893-fe69d22724cb,0,1
https://fileman.clobotics.cn/api/file/5c08c733a97754f5f76d0f9b4a2057b5,1056668,0.345498740673065,0.780202269554138,0.369747191667557,0.825382590293884,[],[],0,35857415,413964,905b6131-7f3b-400b-b819-a269580ca575,0,1
https://fileman.clobotics.cn/api/file/5c08c733a97754f5f76d0f9b4a2057b5,2478,0.369636356830597,0.779212832450867,0.395030409097672,0.824506402015686,[],[],0,35857415,413964,905b6131-7f3b-400b-b819-a269580ca575,0,1
https://fileman.clobotics.cn/api/file/6e5fcf74667dd45572c705af210b87a0,125,0.245740786194801,0.701225757598877,0.278746426105499,0.76027774810791,[],[],0,35857420,413964,3d219615-7690-4f97-af68-07c0dcb5af85,0,1
https://fileman.clobotics.cn/api/file/7e3c3461661277967baf8d3de9133969,124,0.301158666610718,0.241648554801941,0.328919261693954,0.290711253881454,[],[],0,35857455,413964,30c6b302-f843-4ca5-a9f9-f6d7ceea27b5,0,1
https://fileman.clobotics.cn/api/file/020bcf1456cb26cca3f25c7437522214,3,0.17020882666111,0.272716492414474,0.203580647706985,0.312016814947128,[],[],0,35857474,413964,b6f4136c-ecad-412d-bc60-651dfe25e3cd,0,1
https://fileman.clobotics.cn/api/file/879b004cc4df156f70981a84de4acb0c,1099812,0.29925841281401,0.686585700196651,0.320338042473663,0.719137406033901,[],[],0,35857476,413964,aeca4f47-f7f0-4ced-9201-2ebcea76071a,0,1
https://fileman.clobotics.cn/api/file/ebba29e6ed56352afc1e7ada73fbba43,174,0.438530312826421,0.311239174635505,0.465395067206564,0.340320158612842,[],[],0,35857480,413964,bc522a53-5b8e-48c7-93a9-222a9416e1d9,0,1
https://fileman.clobotics.cn/api/file/48dec40cea9ce559080da9c959584c89,125,0.299725572145735,0.705095682548452,0.329076501538339,0.760743321718931,[],[],0,35857481,413964,616bae94-44bc-4682-a35b-267cedcbd0eb,0,1
https://fileman.clobotics.cn/api/file/579b434541249d9d4c521f0d88e90d5c,1073900,0.342575677658213,0.684067283962058,0.3667454740204,0.707612282981113,"[""Underexposed"",""Unqualified""]",[],0,35857493,413964,52cc3b9a-a7e2-400e-95c4-dc56ea499609,0,1
https://fileman.clobotics.cn/api/file/fb19be3111effc2c014be8c7a1459675,13,0.139208048582077,0.672443568706512,0.169499337673187,0.708130180835724,"[""Underexposed"",""Unqualified""]",[],0,35857500,413964,cf40b625-dd0c-45a0-90ec-5846eb866adb,0,1
https://fileman.clobotics.cn/api/file/464118dd2def6cc2b19b06b463440e80,7,0.260482004916212,0.158416705771882,0.290787539517424,0.183703767701584,[],[],0,35857513,413964,fa6a36cc-3324-4bd4-b0fa-c271c1d7d842,0,1
https://fileman.clobotics.cn/api/file/464118dd2def6cc2b19b06b463440e80,191,0.283788025379181,0.675791144371033,0.313606351613998,0.724957704544067,[],[],0,35857513,413964,fa6a36cc-3324-4bd4-b0fa-c271c1d7d842,0,1
https://fileman.clobotics.cn/api/file/f7364f349aa58419a5484fa34268fd99,2885,0.261295243196023,0.68169105052948,0.287276990957059,0.704359861270337,"[""Underexposed"",""Unqualified""]",[],0,35857521,413964,a3970da5-e7b9-45a8-8585-4e8bdf39d40e,0,1
https://fileman.clobotics.cn/api/file/47be999482028e3f44c0a429ee3f7eb2,226,0.248481407761574,0.715898394584656,0.275716245174408,0.773871719837189,[],[],0,35857529,413964,190ccfc5-de2e-40ba-8052-fc32c081aa52,0,1
https://fileman.clobotics.cn/api/file/28eb2dfbd4e599b51e677d560f007932,27,0.236723601818085,0.274128913879395,0.260201394557953,0.306088745594025,[],[],0,35857532,413964,08b8d68d-5fb2-4c75-9687-a32cb0189584,0,1
https://fileman.clobotics.cn/api/file/67619f90aa5070ea368e7f14627a63fa,3,0.249972239136696,0.207623139023781,0.279900938272476,0.237063139677048,[],[],0,35857536,413964,843c2186-ec4f-4077-9af5-eec7f58f542f,0,1
https://fileman.clobotics.cn/api/file/16de1ba9aea741cfd40825b8d5e24b07,125,0.230130180716515,0.773707687854767,0.259554028511047,0.808622479438782,[],[],0,35857537,413964,50009e97-6ac8-4434-873e-19402a754179,0,1
https://fileman.clobotics.cn/api/file/762571ab13bfb470f24ed358c0bbffbb,102,0.214747503399849,0.305259436368942,0.244181111454964,0.377100586891174,[],[],0,35857543,413964,ec48fe97-ccff-419d-9fc6-8ef80bd7b78f,0,1
https://fileman.clobotics.cn/api/file/39dc930a2192d041a364b319233c8d6e,175,0.32751202583313,0.221734449267387,0.354951083660126,0.245359629392624,[],[],0,35857545,413964,71811c40-7291-4877-918b-b70e126a72f7,0,1
https://fileman.clobotics.cn/api/file/f872dc435bfc1ba9349c870f1c7ecc7e,14,0.259993463754654,0.196549654006958,0.290735572576523,0.236058846116066,[],[],0,35857555,413964,45082c9f-ac33-449c-861c-5b7a89b61aef,0,1
https://fileman.clobotics.cn/api/file/74f5693cef3a78e91fc7b8ea1732cb4f,109,0.232358276844025,0.235767051577568,0.260504156351089,0.300055950880051,[],[],0,35857579,413964,4cd02e42-9f87-4e6d-a077-d8fd22a96b96,0,1
https://fileman.clobotics.cn/api/file/d4f8183def12102c4cfd86cb3ff1ca79,1020707,0.196449756622314,0.770224869251251,0.228275835514069,0.839097619056702,[],[],0,35857720,413964,ee3a9dd2-b5f7-43ce-b5a1-aa438df4c32e,0,1
https://fileman.clobotics.cn/api/file/d4f8183def12102c4cfd86cb3ff1ca79,1020707,0.23191036623269,0.768563807010651,0.259474310691652,0.825416684150696,[],[],0,35857720,413964,ee3a9dd2-b5f7-43ce-b5a1-aa438df4c32e,0,1
https://fileman.clobotics.cn/api/file/8db289f95445280a52022c9901601ccd,32,0.332887917757034,0.176817759871483,0.358886271715164,0.206910446286201,[],[],0,35857746,413964,aa6efe2e-67b9-4a6c-b0ec-774dbab9981b,0,1
https://fileman.clobotics.cn/api/file/53872204c3b3f69fffd0682cd36a1a9f,1,0.312713338207111,0.379493365500603,0.344146035635566,0.436992360273422,"[""keep-out"",""Unqualified""]",[],0,35857775,413964,e31602ce-ab93-4239-9c94-59b7e655af59,0,1
https://fileman.clobotics.cn/api/file/245d05b64fb8a2e4c7c673c7e4bd47ad,31,0.155455052852631,0.152014330029488,0.188821226358414,0.181815922260284,[],[],0,35857805,413964,6762a4b3-76cd-4b1b-8b8e-40a246910285,0,1
https://fileman.clobotics.cn/api/file/997693e9a039a0cbfcb10d992fbb41ef,102,0.156430974602699,0.209572851657867,0.182922214269638,0.262150347232819,[],[],0,35857818,413964,c97ce673-8e24-4f6d-8ea3-9965a079be27,0,1
https://fileman.clobotics.cn/api/file/881d5cd3a67d9601548562b191965b86,102,0.160971134901047,0.222117051482201,0.191087663173676,0.288220673799515,[],[],0,35857838,413964,b884fbab-c0e2-4c40-ab32-b1672dbf0168,0,1
https://fileman.clobotics.cn/api/file/881d5cd3a67d9601548562b191965b86,3,0.421721607446671,0.713750064373016,0.453556478023529,0.739751756191254,[],[],0,35857838,413964,b884fbab-c0e2-4c40-ab32-b1672dbf0168,0,1
https://fileman.clobotics.cn/api/file/2011c2566630ae75041f22076508d2e7,102,0.279502660036087,0.638677537441254,0.309269219636917,0.695468366146088,[],[],0,35857850,413964,681170c1-54f3-4714-9495-c440f5b6ab67,0,1
https://fileman.clobotics.cn/api/file/31a61634469c018ab5bb811e3d44cbec,32,0.326708048582077,0.272861838340759,0.349426090717316,0.302258104085922,[],[],0,35857861,413964,d2e69206-4370-4fe6-9508-228d4cbfe1d2,0,1
https://fileman.clobotics.cn/api/file/a0bcdc6d4795a946b9e107143ab7b79f,31,0.252113074064255,0.210115179419518,0.281137526035309,0.238086819648743,[],[],0,35857914,413964,acc1b39c-017a-4f11-a025-dfcf430c0c1f,0,1
https://fileman.clobotics.cn/api/file/a0bcdc6d4795a946b9e107143ab7b79f,210,0.259006385189523,0.738852322101593,0.283530120235909,0.768524587154388,[],[],0,35857914,413964,acc1b39c-017a-4f11-a025-dfcf430c0c1f,0,1
https://fileman.clobotics.cn/api/file/bb121b4721ea7cd38cb642123547ad1e,102,0.207154452800751,0.253872827057507,0.230942621827126,0.296579137806561,[],[],0,35857939,413964,8f5574c4-303a-4efa-b942-4ea9adbc3dc7,0,1
https://fileman.clobotics.cn/api/file/c9c70d51dbc2dc3a7ef62b2ec71eade3,126,0.330661267135495,0.275590121746063,0.341554091813101,0.311653116531165,[],[],0,35857942,413964,f1f0dc56-11d2-4dde-b481-124e88b0a67e,0,1
https://fileman.clobotics.cn/api/file/17df40b9baa82a2fe3e5a1535d8fb294,1056375,0.431398630142212,0.593499183654785,0.466651320457459,0.633566796779633,[],[],0,35857963,413964,9d458c13-04ca-4c49-adaa-fead6f99c7ff,0,1
https://fileman.clobotics.cn/api/file/66c3e639f3582a5929f034737a81a25f,109,0.190280169248581,0.214415967464447,0.22594042122364,0.285980105400085,[],[],0,35857970,413964,91e74c14-a868-4160-868b-1c0304639125,0,1
https://fileman.clobotics.cn/api/file/66c3e639f3582a5929f034737a81a25f,102,0.190556272864342,0.664720416069031,0.220220878720284,0.730173647403717,[],[],0,35857970,413964,91e74c14-a868-4160-868b-1c0304639125,0,1
https://fileman.clobotics.cn/api/file/a933e27003ba393af336261bc3dab3a9,1027664,0.148411825299263,0.655415832996368,0.184173598885536,0.714952409267426,[],[],0,35857973,413964,ea212cb1-af48-4720-aa9c-1a0636743033,0,1
https://fileman.clobotics.cn/api/file/a4dbab7e72e4de48b29bf866d9a594f8,102,0.305602371692657,0.260866165161133,0.327002316713333,0.301374316215515,[],[],0,35857975,413964,4bd87641-3f05-4e81-8725-f6b57f0a73a8,0,1
https://fileman.clobotics.cn/api/file/25beee673c356cd7fd46fbe464b28a0e,112,0.202810676602273,0.259031210349966,0.228515203160458,0.319380706610995,[],[],0,35857977,413964,d4f22840-885d-467c-9dac-5a862f5f1b9c,0,1
https://fileman.clobotics.cn/api/file/25beee673c356cd7fd46fbe464b28a0e,102,0.142321199178696,0.25971707701683,0.172798320651054,0.324160814285278,[],[],0,35857977,413964,d4f22840-885d-467c-9dac-5a862f5f1b9c,0,1
https://fileman.clobotics.cn/api/file/0cc578078a7807aba4b8383f9cc1c6af,1,0.254197205763808,0.724805351463977,0.268199043709211,0.747965785722119,[],[],0,35857982,413964,6168d539-f0b8-443f-8c3e-56fc836de45d,0,1
https://fileman.clobotics.cn/api/file/9069e2edddcb4de5adb910a6ae2ee679,1239,0.289993286132813,0.215017765760422,0.315708339214325,0.268968343734741,[],[],0,35857986,413964,83f228ab-7cfb-488f-862c-263d2c38e359,0,1
https://fileman.clobotics.cn/api/file/e982c2a3479358da933ab416b6462d94,125,0.158634588122368,0.139444813132286,0.200203150510788,0.203591406345367,[],[],0,35857988,413964,238531d4-464e-4016-92c1-b883eac731d7,0,1
https://fileman.clobotics.cn/api/file/b382d49a81a58d6a2f56541f26f95886,102,0.168008342385292,0.258197426795959,0.192894250154495,0.301684737205505,[],[],0,35857990,413964,781ad927-d5ec-4c49-b72a-bb4aaf75c2bc,0,1
https://fileman.clobotics.cn/api/file/b382d49a81a58d6a2f56541f26f95886,1082389,0.302686125040054,0.655328333377838,0.330281138420105,0.702103674411774,[],[],0,35857990,413964,781ad927-d5ec-4c49-b72a-bb4aaf75c2bc,0,1
https://fileman.clobotics.cn/api/file/b382d49a81a58d6a2f56541f26f95886,5,0.25975438952446,0.720426321029663,0.284008979797363,0.75741982460022,[],[],0,35857990,413964,781ad927-d5ec-4c49-b72a-bb4aaf75c2bc,0,1
https://fileman.clobotics.cn/api/file/84d94f161b4d7bcc633608d6e4147074,1039417,0.27987203001976,0.685558438301086,0.304528266191483,0.718258082866669,[],[],0,35858015,413964,795bffd2-b1d7-4b55-959b-955175d25663,0,1
https://fileman.clobotics.cn/api/file/d1accc7844a52c1f3c394b9e6245f90d,115,0.38950777053833,0.650923073291779,0.414846628904343,0.685379564762115,[],[],0,35858035,413964,e91c8f41-f4b6-4322-9a2d-0296e0694540,0,1
https://fileman.clobotics.cn/api/file/264dfaa78e443991918bdcf34ad3e80c,126,0.320575386285782,0.770182251930237,0.344616681337357,0.801441013813019,[],[],0,35858070,413964,78f6a45a-2229-4a6f-865d-876b3f639938,0,1
https://fileman.clobotics.cn/api/file/948c2fc336e48f43a37c11d7104654e5,1239,0.37520894408226,0.21110574901104,0.391616195440292,0.255803793668747,[],[],0,35858114,413964,c2bd52c4-5b6a-4671-87aa-bc107d5ef720,0,1
https://fileman.clobotics.cn/api/file/882873eb32bd9ea7047284c8b342c3c7,109,0.413260217326652,0.203520228355325,0.44432396230677,0.256238614409364,[],[],0,35858119,413964,435e8718-553a-419d-a50c-b2fb68f543aa,0,1
https://fileman.clobotics.cn/api/file/dab3dec26f1917bf318bd650ed420f01,1049191,0.294356763362885,0.268919706344604,0.320916831493378,0.324744522571564,[],[],0,35858176,413964,4a8a9997-1cb0-45c1-bb34-5afa721a039e,0,1
https://fileman.clobotics.cn/api/file/5a907eda3b686770a844495986e0a8de,9,0.196341708302498,0.227215424180031,0.220251187682152,0.278281003236771,[],[],0,35858178,413964,49f9b7aa-f40a-41c4-8939-f8cf63932c86,0,1
https://fileman.clobotics.cn/api/file/5a907eda3b686770a844495986e0a8de,112,0.27505350112915,0.228372424840927,0.300271332263947,0.284632861614227,[],[],0,35858178,413964,49f9b7aa-f40a-41c4-8939-f8cf63932c86,0,1
https://fileman.clobotics.cn/api/file/c93c3b4a5796ed6dbea1a4da19f759b8,3,0.207103028893471,0.654656529426575,0.230462148785591,0.670366108417511,[],[],0,35858205,413964,4dfe9f36-b0ea-45eb-b6ec-bc31f886fd66,0,1
https://fileman.clobotics.cn/api/file/bc67a2fa5ba46b3722e1700cd6d911d1,102,0.233678042888641,0.213730946183205,0.257947146892548,0.266714692115784,[],[],0,35858206,413964,6a3fae43-17fe-4954-8ebb-d6912fcbd241,0,1
https://fileman.clobotics.cn/api/file/bc67a2fa5ba46b3722e1700cd6d911d1,1239,0.265604555606842,0.624682188034058,0.291435778141022,0.672902405261993,[],[],0,35858206,413964,6a3fae43-17fe-4954-8ebb-d6912fcbd241,0,1
https://fileman.clobotics.cn/api/file/1c92b6088775c1951565c4cf87adc852,3,0.202624708414078,0.26629713177681,0.233178779482841,0.302710503339767,[],[],0,35858210,413964,bcc846d1-b94d-4990-a0ae-7d4265059663,0,1
https://fileman.clobotics.cn/api/file/20c5f110c652c1708e5a1a7d01e34e66,31,0.211164832115173,0.274975121021271,0.232183218002319,0.293787181377411,[],[],0,35858211,413964,97654c50-1b3e-4326-aa6c-5fc241f97e92,0,1
https://fileman.clobotics.cn/api/file/0237518b00c49ec8bb9631d57fdc1bce,2343,0.223119661211967,0.284715324640274,0.250310033559799,0.33124303817749,[],[],0,35858242,413964,361d0831-2a3f-4596-b4a8-8cdbdba59235,0,1
https://fileman.clobotics.cn/api/file/0237518b00c49ec8bb9631d57fdc1bce,1167,0.199494808912277,0.282325834035873,0.222880646586418,0.326400279998779,[],[],0,35858242,413964,361d0831-2a3f-4596-b4a8-8cdbdba59235,0,1
https://fileman.clobotics.cn/api/file/40b5a46a460baaaa93e904e470ac5f8d,32,0.18923631310463,0.281871557235718,0.215427726507187,0.322226285934448,[],[],0,35858243,413964,450bde57-ef91-4fe4-a061-34951cf744d0,0,1
https://fileman.clobotics.cn/api/file/40b5a46a460baaaa93e904e470ac5f8d,4,0.216833621263504,0.281208008527756,0.241141691803932,0.322236090898514,[],[],0,35858243,413964,450bde57-ef91-4fe4-a061-34951cf744d0,0,1
https://fileman.clobotics.cn/api/file/40b5a46a460baaaa93e904e470ac5f8d,5,0.338737308979034,0.280054241418839,0.364163756370544,0.320008397102356,[],[],0,35858243,413964,450bde57-ef91-4fe4-a061-34951cf744d0,0,1
https://fileman.clobotics.cn/api/file/c29c5ecc498f39420797276f756c8afc,140,0.295732527971268,0.71397340297699,0.316465467214584,0.756712675094604,[],[],0,35858248,413964,1034aa56-9705-44d6-9778-717655f33d85,0,1
https://fileman.clobotics.cn/api/file/c29c5ecc498f39420797276f756c8afc,1038878,0.362314641475677,0.654832124710083,0.38885697722435,0.69503778219223,[],[],0,35858248,413964,1034aa56-9705-44d6-9778-717655f33d85,0,1
https://fileman.clobotics.cn/api/file/d19d93cec4af5fdafb52dd301a901b2c,3,0.178617879748344,0.263346046209335,0.205372452735901,0.29596009850502,[],[],0,35858255,413964,8d9f13fb-affd-49b5-8295-1a911d07ee60,0,1
https://fileman.clobotics.cn/api/file/d19d93cec4af5fdafb52dd301a901b2c,3,0.206518843770027,0.260940402746201,0.229797020554543,0.288825243711472,[],[],0,35858255,413964,8d9f13fb-affd-49b5-8295-1a911d07ee60,0,1
https://fileman.clobotics.cn/api/file/9b08e997a4e90df280af1a5bd747e7a7,4,0.244833394885063,0.274419963359833,0.268005639314651,0.310133129358292,[],[],0,35858278,413964,c1d7d78a-c728-4a12-8be3-50c21b165537,0,1
https://fileman.clobotics.cn/api/file/81399ba972778e822c8d7ffecb0fecbc,12,0.295827448368073,0.656882405281067,0.318488866090775,0.671005725860596,[],[],0,35858294,413964,f9d35617-7d75-4d66-ac9e-cca6ceb2e8cc,0,1
https://fileman.clobotics.cn/api/file/81399ba972778e822c8d7ffecb0fecbc,31,0.237121105194092,0.65702360868454,0.260127812623978,0.669978678226471,[],[],0,35858294,413964,f9d35617-7d75-4d66-ac9e-cca6ceb2e8cc,0,1
https://fileman.clobotics.cn/api/file/e1d9f566c14c4d010b8df54ea7f2b10b,2034,0.342041969299316,0.170019879937172,0.382959485054016,0.210898816585541,[],[],0,35858298,413964,a1adc3b0-eeae-4610-b7b9-e0b2455f0905,0,1
https://fileman.clobotics.cn/api/file/282a9cd31b5afeef8c4376c0305c6a41,5,0.126211881637573,0.179511442780495,0.165912810228983,0.229310694467489,[],[],0,35858299,413964,5feaa273-655d-436d-85d7-ad039e7cfb9b,0,1
https://fileman.clobotics.cn/api/file/282a9cd31b5afeef8c4376c0305c6a41,102,0.354287058115005,0.652974426746368,0.377457767724991,0.687715649604797,[],[],0,35858299,413964,5feaa273-655d-436d-85d7-ad039e7cfb9b,0,1
https://fileman.clobotics.cn/api/file/282a9cd31b5afeef8c4376c0305c6a41,102,0.332410768576133,0.656660795211792,0.350019226036799,0.684663685218244,[],[],0,35858299,413964,5feaa273-655d-436d-85d7-ad039e7cfb9b,0,1
https://fileman.clobotics.cn/api/file/282a9cd31b5afeef8c4376c0305c6a41,4,0.335770129948931,0.199438637243515,0.345055818716499,0.229345722028649,[],[],0,35858299,413964,5feaa273-655d-436d-85d7-ad039e7cfb9b,0,1
https://fileman.clobotics.cn/api/file/eb438ff1fb1b4e8ebff3d97ef77ee0de,1106,0.414873242378235,0.313350617615757,0.439792427564581,0.347348835139114,[],[],0,35858308,413964,106be85e-bd00-4fb8-a1a9-35a95b9187c1,0,1
https://fileman.clobotics.cn/api/file/eb438ff1fb1b4e8ebff3d97ef77ee0de,175,0.306216865777969,0.199503764510155,0.331919133663177,0.221308946609497,[],[],0,35858308,413964,106be85e-bd00-4fb8-a1a9-35a95b9187c1,0,1
https://fileman.clobotics.cn/api/file/eb438ff1fb1b4e8ebff3d97ef77ee0de,1106,0.356226474046707,0.313362300395966,0.381608068943024,0.349281907081604,[],[],0,35858308,413964,106be85e-bd00-4fb8-a1a9-35a95b9187c1,0,1
https://fileman.clobotics.cn/api/file/48aefd3eb2c05a3c59d4743a1cff2ae2,174,0.321982830762863,0.745841324329376,0.358741968870163,0.772627472877502,[],[],0,35858331,413964,a73d1dfb-c369-40a8-b5e7-fd79e06af1e2,0,1
https://fileman.clobotics.cn/api/file/b4bbcb2972693a87f9c430037890c492,18,0.296385020017624,0.66029280424118,0.321769237518311,0.703776478767395,[],[],0,35858337,413964,d12109e2-2b1c-4006-976d-a0e143f49f0b,0,1
https://fileman.clobotics.cn/api/file/0c4454e8fb834e48732d1ca9198b05c0,1020707,0.227687835693359,0.760961027995496,0.257462441921234,0.822025330916791,[],[],0,35858392,413964,004762a1-5143-464e-8956-bc8613ac8d28,0,1
https://fileman.clobotics.cn/api/file/0c4454e8fb834e48732d1ca9198b05c0,1020707,0.255220413208008,0.759967803955078,0.272807896137238,0.817116677761078,[],[],0,35858392,413964,004762a1-5143-464e-8956-bc8613ac8d28,0,1
https://fileman.clobotics.cn/api/file/d092d10e2848b23c4c99ef477103af73,9,0.435973584651947,0.248440265655518,0.461236149072647,0.305313915014267,[],[],0,35858401,413964,9ce7690a-57a9-4cd6-926d-53c09eda496c,0,1
https://fileman.clobotics.cn/api/file/d092d10e2848b23c4c99ef477103af73,1,0.251511255970603,0.550910187520561,0.283073840578515,0.576570895931571,[],[],0,35858401,413964,9ce7690a-57a9-4cd6-926d-53c09eda496c,0,1
https://fileman.clobotics.cn/api/file/f2ff2f949dfc526b0e63319a00d99bcb,112,0.383382431497943,0.575090470446321,0.436425108408461,0.647466827503016,[],[],0,35858406,413964,2074ecd6-da7b-49e7-b155-2c694fcd1ced,0,1
https://fileman.clobotics.cn/api/file/83955b4f488735f893f7c336d11cd477,1033366,0.391880065202713,0.733899295330048,0.421760350465775,0.780358731746674,"[""keep-out"",""Unqualified""]",[],0,35858418,413964,ce446edc-752a-41d6-854c-2d3eceda6535,0,1
https://fileman.clobotics.cn/api/file/83955b4f488735f893f7c336d11cd477,185,0.248908046130651,0.210994967092528,0.27281009684717,0.222996515679443,"[""keep-out"",""Unqualified""]",[],0,35858418,413964,ce446edc-752a-41d6-854c-2d3eceda6535,0,1
https://fileman.clobotics.cn/api/file/65c8a3fe61b8f4502ac1c3394b48b8a0,126,0.263883888721466,0.703871740676662,0.299731075763702,0.762206806518337,[],[],0,35858431,413964,d6bd7343-291a-4a32-b35e-bfba5c2238f3,0,1
https://fileman.clobotics.cn/api/file/dad395dde292b12e1035834a210b9ad7,174,0.254738688468933,0.683415591716766,0.28019592165947,0.701412498950958,[],[],0,35858434,413964,a83748ab-70af-4a1c-82a5-3cf3b4a00632,0,1
https://fileman.clobotics.cn/api/file/e1c1dd19771a2709a7f7253784028274,175,0.415490716695786,0.25487694144249,0.447770178318024,0.282190382480621,[],[],0,35858441,413964,e0e06c36-a06a-4595-b1ce-2560880973cd,0,1
https://fileman.clobotics.cn/api/file/e1c1dd19771a2709a7f7253784028274,175,0.372507125139236,0.251368850469589,0.392561137676239,0.273481696844101,[],[],0,35858441,413964,e0e06c36-a06a-4595-b1ce-2560880973cd,0,1
https://fileman.clobotics.cn/api/file/2d0a5c73884277cddbb38b66148a9d8d,1990,0.190776735544205,0.278574615716934,0.237579956650734,0.331834077835083,[],[],0,35858454,413964,6b035856-b2b1-4682-9e1e-056039a447f2,0,1
https://fileman.clobotics.cn/api/file/55ebc70497e07bf86a9581698d558f2f,1,0.236522138118744,0.156488537788391,0.268016219139099,0.186180546879768,"[""keep-out"",""Unqualified""]",[],0,35858457,413964,4bd7f084-823f-40c0-a2e0-cd1b7365ffbf,0,1
https://fileman.clobotics.cn/api/file/eaa51b52d7e6abc3ee97363c4a762530,1086796,0.259780764579773,0.236214384436607,0.285249590873718,0.298083782196045,[],[],0,35858461,413964,03e9c195-0616-4db9-b2bf-a6d42a642eb3,0,1
https://fileman.clobotics.cn/api/file/2d485ba0aa8b360983456a06a0f8af36,102,0.317944258451462,0.214220106601715,0.343010157346725,0.267144799232483,"[""Normal""]",[],0,35858465,413964,62b807b6-f46b-4058-b2c5-e026d07fccd5,0,1
https://fileman.clobotics.cn/api/file/2d485ba0aa8b360983456a06a0f8af36,102,0.303536317100485,0.2174255177874,0.316680899661476,0.265354749793833,"[""Normal""]",[],0,35858465,413964,62b807b6-f46b-4058-b2c5-e026d07fccd5,0,1
https://fileman.clobotics.cn/api/file/b3f4de0e9a75ff7c7297ab5ea209dbd3,1,0.299415230751038,0.709483027458191,0.32440385222435,0.756975471973419,[],[],0,35858472,413964,b7d7a5ce-f41c-478c-9656-226f48fb487d,0,1
https://fileman.clobotics.cn/api/file/1bb1ec21de3a2a624e062eddeb644c5a,189,0.323765575885773,0.67812842130661,0.348968535661697,0.718748390674591,[],[],0,35858475,413964,1553f607-4ef8-44a6-a2a4-18612e367dc6,0,1
https://fileman.clobotics.cn/api/file/e9f01856ee30e7aaf2d98cccaa9ce7f3,1239,0.396239191293716,0.235379382967949,0.424114316701889,0.292717427015305,[],[],0,35858481,413964,a5635c51-58a9-41f8-9586-5a538d966849,0,1
https://fileman.clobotics.cn/api/file/b0e5b6a68251b2bcde87c44ce4063d98,1064689,0.381697383690861,0.668240785598755,0.41352641582489,0.712912123365085,"[""Normal""]",[],0,35858492,413964,b3f62bc2-d880-486f-ae7a-0d53edef6ab3,0,1
https://fileman.clobotics.cn/api/file/b0e5b6a68251b2bcde87c44ce4063d98,1,0.365539624580195,0.671450182306636,0.378398455346381,0.68388406928817,"[""Normal""]",[],0,35858492,413964,b3f62bc2-d880-486f-ae7a-0d53edef6ab3,0,1
https://fileman.clobotics.cn/api/file/a234daf92c991e1e235fb5028b677871,1046076,0.407435178756714,0.669336318969727,0.432696282863617,0.712719082832336,[],[],0,35858500,413964,dd63850f-f449-4699-83ce-c701c5d7946d,0,1
https://fileman.clobotics.cn/api/file/d39d565442b48974aa48053c6eeb7e00,226,0.409386068582535,0.688261032104492,0.437295377254486,0.74228823184967,[],[],0,35858514,413964,7b5ca240-602f-44ee-9eb3-572d2996a375,0,1
https://fileman.clobotics.cn/api/file/4c2f9e7aa7cb365b62bb5f508a1f08f8,109,0.266221854083382,0.650670467743639,0.279295923348409,0.687150248125858,"[""Normal""]",[],0,35858517,413964,60725818-b08d-4623-8f3d-37401af4ef9e,0,1
https://fileman.clobotics.cn/api/file/aec74074af0a68a6255f06dcfb499f34,125,0.303523749113083,0.705207288265228,0.33445531129837,0.761997401714325,[],[],0,35858518,413964,247bbec5-d94e-493e-b95d-323a031e2a8d,0,1
https://fileman.clobotics.cn/api/file/9d6584eb362996d846dd81f009c8933e,1,0.379426121711731,0.759719133377075,0.4009830057621,0.801476895809174,"[""Normal""]",[],0,35858531,413964,b98e8be9-1eda-4b69-b7d2-f029bc55ede6,0,1
https://fileman.clobotics.cn/api/file/fb43d3abaebd9db8b38dd1c3327a6570,239,0.174519196152687,0.673356354236603,0.199740573763847,0.715406596660614,[],[],0,35858548,413964,6bda29d6-cb7d-48d3-ab0b-32ad19032f41,0,1
https://fileman.clobotics.cn/api/file/75152907ad443bc991e8f4f1797c0e28,31,0.263689488172531,0.729011952877045,0.293339252471924,0.757720589637756,"[""Underexposed"",""Unqualified""]",[],0,35858588,413964,df142a1c-0bd5-43e3-a431-7ed87952f457,0,1
https://fileman.clobotics.cn/api/file/75152907ad443bc991e8f4f1797c0e28,31,0.296996453138587,0.729115843772888,0.320145788179897,0.754832776442914,"[""Underexposed"",""Unqualified""]",[],0,35858588,413964,df142a1c-0bd5-43e3-a431-7ed87952f457,0,1
https://fileman.clobotics.cn/api/file/75152907ad443bc991e8f4f1797c0e28,31,0.336558312177658,0.727773308753967,0.363964378833771,0.75828343629837,"[""Underexposed"",""Unqualified""]",[],0,35858588,413964,df142a1c-0bd5-43e3-a431-7ed87952f457,0,1
https://fileman.clobotics.cn/api/file/855d23ba11867308d22046f82b1d1ac6,189,0.238590523600578,0.212968736886978,0.265037328004837,0.2643061876297,[],[],0,35858590,413964,d20d75dc-0678-44dd-ad33-0c7d0f66430d,0,1
https://fileman.clobotics.cn/api/file/855d23ba11867308d22046f82b1d1ac6,481,0.449465602636337,0.696550011634827,0.48261171579361,0.751899480819702,[],[],0,35858590,413964,d20d75dc-0678-44dd-ad33-0c7d0f66430d,0,1
https://fileman.clobotics.cn/api/file/1de0fe5ef9553e5849291636bb13d8d9,1456,0.334780067205429,0.721990406513214,0.360788762569427,0.764750421047211,[],[],0,35858591,413964,c6ab55f4-190d-43fb-ac2c-09b821b6e810,0,1
https://fileman.clobotics.cn/api/file/fe381586ab4f4f91c14619bc1b32f654,102,0.43137189745903,0.596783936023712,0.464415341615677,0.647330582141876,"[""Normal""]",[],0,35858593,413964,2b171f58-0fea-4c6d-a02a-fe6e36b7c6c8,0,1
https://fileman.clobotics.cn/api/file/d23271cd0d3a701ecfb4c16b75f82e2f,715,0.252348691225052,0.756323873996735,0.297622293233871,0.852240741252899,[],[],0,35858597,413964,2f13af65-f708-4ceb-97af-6295d3f36af2,0,1
https://fileman.clobotics.cn/api/file/f67609328f887e10d4b08b931752b090,210,0.294497072696686,0.722984075546265,0.320544362068176,0.751043617725372,[],[],0,35858599,413964,e3e5e6a9-6520-4428-b276-2d2577b3dc3f,0,1
https://fileman.clobotics.cn/api/file/f67609328f887e10d4b08b931752b090,4,0.342810153961182,0.717001259326935,0.373539507389069,0.751173734664917,[],[],0,35858599,413964,e3e5e6a9-6520-4428-b276-2d2577b3dc3f,0,1
https://fileman.clobotics.cn/api/file/da45e3827519f40d9dd6c28881bcec84,481,0.240092724561691,0.772499740123749,0.26787331700325,0.83027058839798,[],[],0,35858654,413964,be44140e-68d4-418c-baa3-91e0990bf693,0,1
https://fileman.clobotics.cn/api/file/da45e3827519f40d9dd6c28881bcec84,481,0.272565035875284,0.801114912149383,0.296546362553786,0.826447652231624,[],[],0,35858654,413964,be44140e-68d4-418c-baa3-91e0990bf693,0,1
https://fileman.clobotics.cn/api/file/51c17179b3e6df43cfaa5afce3a470d1,191,0.269542910058581,0.704994192799071,0.296368233164889,0.752613240418119,"[""Normal""]",[],0,35858655,413964,d94d3f5c-a693-4dab-a2bc-0a63f76759d0,0,1
