ImgUrl,ProductId,xmin,ymin,xmax,ymax,ImageQuality,SceneType,Rotation,TaskItemId,TaskId,RequestId,IsMaskQA
https://fileman.clobotics.cn/api/file/8457b0dd629ce62deef220cfe8a0750b,236,0.171419948339462,0.887421488761902,0.198842033743858,0.978234469890594,[],[],0,33434276,377790,011ce722-500d-4fba-ac56-3d4c6fb3a013,0
https://fileman.clobotics.cn/api/file/7ddc3016a98ccf82aa49b212a6d944d2,1,0.194490268826485,0.860906541347504,0.230843469500542,0.923137187957764,[],[],0,33434277,377790,c8d33fad-a21e-428c-a2dd-89ebca741fab,0
https://fileman.clobotics.cn/api/file/53454e4ee129146ed853862e278bd5cc,1104920,0.2195995002985,0.749107800688729,0.244763672351837,0.829183124270424,[],[],0,33434278,377790,71f56b91-f543-46cf-8a91-8367e6219d2e,0
https://fileman.clobotics.cn/api/file/04101ca38775666f3b19d712b660632a,1104548,0.327835202217102,0.196319133043289,0.354791194200516,0.230079784989357,[],[],0,33434284,377790,560b5983-e8b8-4824-bf27-bd7a4fb566fb,0
https://fileman.clobotics.cn/api/file/017913e5aad0bd4782d99afda977fc41,1099607,0.294736802577972,0.279282033443451,0.315755695104599,0.321859687566757,[],[],0,33434289,377790,19be054f-c95b-4a3a-9dcc-96631fec3867,0
https://fileman.clobotics.cn/api/file/017913e5aad0bd4782d99afda977fc41,1104920,0.401101469993591,0.665681123733521,0.426550805568695,0.733801484107971,[],[],0,33434289,377790,19be054f-c95b-4a3a-9dcc-96631fec3867,0
https://fileman.clobotics.cn/api/file/017913e5aad0bd4782d99afda977fc41,1104922,0.304111450910568,0.666711926460266,0.326894789934158,0.732243061065674,[],[],0,33434289,377790,19be054f-c95b-4a3a-9dcc-96631fec3867,0
https://fileman.clobotics.cn/api/file/3e3550f1692f3ea80491e22c95f9e122,1047925,0.308578699827194,0.676293253898621,0.332955002784729,0.74294775724411,[],[],0,33434290,377790,453bbcf0-ff3f-4390-b179-d065f8abf7b8,0
https://fileman.clobotics.cn/api/file/e741630d3b9c49bc24e0c3b36314918d,174,0.177420377731323,0.78182178735733,0.211945205926895,0.818758368492126,[],[],0,33434291,377790,115c365c-fab6-4f84-877c-271f5a601c97,0
https://fileman.clobotics.cn/api/file/bd1590041e89fb403fc379c0dc28999b,226,0.345743894577026,0.244430795311928,0.367897272109985,0.318969368934631,[],[],0,33434305,377790,bd5c870a-2041-43c5-a0ae-b59c8fdf2395,0
https://fileman.clobotics.cn/api/file/bd1590041e89fb403fc379c0dc28999b,226,0.32684999704361,0.246523559093475,0.346162915229797,0.312627047300339,[],[],0,33434305,377790,bd5c870a-2041-43c5-a0ae-b59c8fdf2395,0
https://fileman.clobotics.cn/api/file/24e96702a0685d0f1d4d751ec8072b61,1099614,0.227136398244109,0.253705590963364,0.259108046579566,0.356140345335007,[],[],0,33434307,377790,8f8023d5-5288-4864-9e59-ef37dccd911b,0
https://fileman.clobotics.cn/api/file/dd9ba0335ba534d4c1d83271a2bd7889,1086639,0.245181024074554,0.426487147808075,0.274925857782364,0.500823020935059,[],[],0,33434316,377790,1a05c09b-4bae-4560-9949-9daee4f70a2e,0
https://fileman.clobotics.cn/api/file/dd9ba0335ba534d4c1d83271a2bd7889,1086639,0.260532796382904,0.71047580242157,0.291332542896271,0.791331648826599,[],[],0,33434316,377790,1a05c09b-4bae-4560-9949-9daee4f70a2e,0
https://fileman.clobotics.cn/api/file/cfcf786efe59eb55640e63c049a97ab8,1085922,0.395457655191422,0.149153977632523,0.42575004696846,0.171738877892494,[],[],0,33434317,377790,3e274970-8f9a-4d08-97f5-bca408306a3d,0
https://fileman.clobotics.cn/api/file/cfcf786efe59eb55640e63c049a97ab8,1099793,0.3486587703228,0.843126833438873,0.39170977473259,0.943930864334106,[],[],0,33434317,377790,3e274970-8f9a-4d08-97f5-bca408306a3d,0
https://fileman.clobotics.cn/api/file/5e9623faa8e9a3f1d7ac6bc78587c1ff,1047929,0.157332092523575,0.322721600532532,0.187733575701714,0.403095483779907,[],[],0,33434318,377790,13f40ed2-adf6-45b2-83f8-1ec1f286c979,0
https://fileman.clobotics.cn/api/file/226bb27bbfddd112a5efe90ef523f248,1099663,0.34424889087677,0.196215033531189,0.366459161043167,0.224666655063629,[],[],0,33434404,377790,e8921fc7-c5b5-45f6-9205-4c593b939a4c,0
https://fileman.clobotics.cn/api/file/8e8aec808be17d93203013df7cd2845b,1066,0.236688926815987,0.69940447807312,0.284790754318237,0.775554180145264,[],[],0,33434599,377790,715af8e9-3dbf-478e-a964-3f1bff27a2e9,0
https://fileman.clobotics.cn/api/file/cb219450caa8517ba7219aeb678b9b44,1020495,0.223302939057009,0.371922192896616,0.252103337168352,0.458341060007822,[],[],0,33434601,377790,7d0022ff-da7d-4223-9363-410d870b2644,0
https://fileman.clobotics.cn/api/file/cb219450caa8517ba7219aeb678b9b44,1101539,0.165271654725075,0.746223568916321,0.201091319322586,0.841272115707397,[],[],0,33434601,377790,7d0022ff-da7d-4223-9363-410d870b2644,0
https://fileman.clobotics.cn/api/file/7aff69a72b4d3c1fdec24e21a7924ebd,1099608,0.202724233269691,0.197681248188019,0.230336770415306,0.226065665483475,"[""qualified""]",[],0,33434603,377790,c3e112b3-f32b-4c65-befd-e47f72be0b38,0
https://fileman.clobotics.cn/api/file/56d87c078db4deaf2abe6f77cab72565,102,0.315264761447906,0.718425512313843,0.343360334634781,0.794534265995026,[],[],0,33434606,377790,4ddb3a90-d71a-4888-bfd0-b367b2ce202b,0
https://fileman.clobotics.cn/api/file/421fe255c1d3dace36ada4d0c409ae58,97,0.367765575647354,0.701793670654297,0.398355096578598,0.778181672096252,[],[],0,33434612,377790,d094f979-27f6-4064-bc94-e747fe675d12,0
https://fileman.clobotics.cn/api/file/770fdd2b17d6a1c0ef4b75ec0ba7c3ed,1047929,0.193346902561495,0.223476142248429,0.223001841160459,0.292369929959029,[],[],0,33434618,377790,039c904a-c3f5-4496-b41a-7a492e1b7901,0
https://fileman.clobotics.cn/api/file/770fdd2b17d6a1c0ef4b75ec0ba7c3ed,1102556,0.324757605791092,0.862821400165558,0.358866512775421,0.965173125267029,[],[],0,33434618,377790,039c904a-c3f5-4496-b41a-7a492e1b7901,0
https://fileman.clobotics.cn/api/file/79db3d57916a78f7a674c8b3d54a9639,1099663,0.238098904490471,0.204164952039719,0.268832951784134,0.248310759663582,[],[],0,33434652,377790,c929ec70-4cf3-454e-8d96-525bf5217bb7,0
https://fileman.clobotics.cn/api/file/79db3d57916a78f7a674c8b3d54a9639,125,0.252711087465286,0.753312349319458,0.278557509183884,0.826030910015106,[],[],0,33434652,377790,c929ec70-4cf3-454e-8d96-525bf5217bb7,0
https://fileman.clobotics.cn/api/file/79db3d57916a78f7a674c8b3d54a9639,1041160,0.316395789384842,0.680419504642487,0.339019298553467,0.743721902370453,[],[],0,33434652,377790,c929ec70-4cf3-454e-8d96-525bf5217bb7,0
https://fileman.clobotics.cn/api/file/79db3d57916a78f7a674c8b3d54a9639,1101539,0.422304064035416,0.676969110965729,0.447338730096817,0.748970746994019,[],[],0,33434652,377790,c929ec70-4cf3-454e-8d96-525bf5217bb7,0
https://fileman.clobotics.cn/api/file/79db3d57916a78f7a674c8b3d54a9639,1104537,0.25327080488205,0.67743456363678,0.275287806987762,0.739702165126801,[],[],0,33434652,377790,c929ec70-4cf3-454e-8d96-525bf5217bb7,0
https://fileman.clobotics.cn/api/file/79db3d57916a78f7a674c8b3d54a9639,1020836,0.368247747421265,0.859011352062225,0.396781384944916,0.936489701271057,[],[],0,33434652,377790,c929ec70-4cf3-454e-8d96-525bf5217bb7,0
https://fileman.clobotics.cn/api/file/360e9f3e279bb8fbc17cff9a12dd4d7f,1051702,0.264623701572418,0.264169484376907,0.289554744958878,0.316066384315491,[],[],0,33434655,377790,169e529d-aa89-4d53-8659-3c1f4c944f5f,0
https://fileman.clobotics.cn/api/file/f23373936fcb70e57689c087e4ceec82,1990,0.238915786147118,0.238876968622208,0.284091234207153,0.308902949094772,[],[],0,33434656,377790,ef50984e-ea84-4395-90eb-633744857b3b,0
https://fileman.clobotics.cn/api/file/0c162fee49c1682b779b85acbb721e8e,1065142,0.176961183547974,0.71550714969635,0.203497856855392,0.787075877189636,[],[],0,33434657,377790,01c89c53-3cfc-49f6-a1d3-75adc05f9f16,0
https://fileman.clobotics.cn/api/file/3ccacb3a73c08dd9e8f214c5115eb3dc,1990,0.205046162009239,0.844623506069183,0.245772451162338,0.920035302639008,[],[],0,33434659,377790,cccdffe2-a76a-4c83-8c4b-c245474c4bf0,0
https://fileman.clobotics.cn/api/file/be78d3dd8c9d7eb98238aed3d3246b08,1039171,0.413970142602921,0.185387417674065,0.443486541509628,0.251978754997253,[],[],0,33434663,377790,9e6171ac-94d1-47fb-9a04-fe56049f6c65,0
https://fileman.clobotics.cn/api/file/be78d3dd8c9d7eb98238aed3d3246b08,1039172,0.392828137015682,0.183586716651917,0.409905480794661,0.25211097708082,[],[],0,33434663,377790,9e6171ac-94d1-47fb-9a04-fe56049f6c65,0
https://fileman.clobotics.cn/api/file/be78d3dd8c9d7eb98238aed3d3246b08,1039170,0.368441144514289,0.185424298048019,0.388321677732673,0.25079333782196,[],[],0,33434663,377790,9e6171ac-94d1-47fb-9a04-fe56049f6c65,0
https://fileman.clobotics.cn/api/file/9be814010b6a41a7af5a3618da311cf2,193,0.174333706498146,0.6902836561203,0.203081950545311,0.756437718868256,[],[],0,33434664,377790,dcc9aa82-e392-4f6b-8dc3-0956d71a764f,0
https://fileman.clobotics.cn/api/file/c56d746bf5767118391655a3b2598497,1082389,0.166200935840607,0.306269824504852,0.193111628293991,0.365680426359177,[],[],0,33434672,377790,8e4da4f9-d8d0-46b5-9203-3e79d91312d6,0
https://fileman.clobotics.cn/api/file/afba534a4ca997b6baa429796bf6b75f,226,0.318754464387894,0.346216827630997,0.348784178495407,0.43923032283783,"[""qualified""]",[],0,33434673,377790,a1b30802-a916-47de-879f-2733bcc54474,0
https://fileman.clobotics.cn/api/file/afba534a4ca997b6baa429796bf6b75f,1,0.226401641964912,0.71380215883255,0.253311485052109,0.792380094528198,"[""qualified""]",[],0,33434673,377790,a1b30802-a916-47de-879f-2733bcc54474,0
https://fileman.clobotics.cn/api/file/70a5596d87b06e356ac349ec9faaebad,1053548,0.221302181482315,0.874624490737915,0.253982126712799,0.963903784751892,[],[],0,33434676,377790,0d507521-9cd1-4847-942f-a0879ce2be37,0
https://fileman.clobotics.cn/api/file/2fe5d4f8b5e9e2a4e0406086814274b1,1047929,0.138294443488121,0.688344180583954,0.166126191616058,0.761882662773132,[],[],0,33434681,377790,edc55ab6-1c15-4c0f-b29b-151c8a130b8e,0
https://fileman.clobotics.cn/api/file/4829813082e47bb7568b399c1839a6e9,1099666,0.25603249669075,0.240736901760101,0.279949545860291,0.316097497940063,"[""qualified""]",[],0,33434684,377790,4b0f943c-aeef-4ad3-aaa3-343b95dbc0c6,0
https://fileman.clobotics.cn/api/file/4829813082e47bb7568b399c1839a6e9,102,0.218743681907654,0.240550354123116,0.24227337539196,0.316746324300766,"[""qualified""]",[],0,33434684,377790,4b0f943c-aeef-4ad3-aaa3-343b95dbc0c6,0
https://fileman.clobotics.cn/api/file/9cd6f026cc96e38cbfbb822788cd63b9,932,0.376804063939638,0.152958546230771,0.398539899631421,0.197612510719211,[],[],0,33434690,377790,fc534efc-edef-48db-bff9-3693bf1586f1,0
https://fileman.clobotics.cn/api/file/024a3706d199221e5b9398ce006b5428,1,0.412873044970236,0.784697570222299,0.450714028208555,0.847862390926323,"[""qualified""]",[],0,33434691,377790,ccbbfec1-83ec-4b01-b117-37f455adee40,0
https://fileman.clobotics.cn/api/file/78dc44a2ab673c1760db3e0b71f2de81,174,0.199991345405579,0.124284781515598,0.232072234153748,0.16047739982605,[],[],0,33434701,377790,5f712dc8-ab2a-44c3-a501-68573f756653,0
https://fileman.clobotics.cn/api/file/34f401d78469c75e033aaf9f884e82b2,1101539,0.332296520471573,0.699403762817383,0.363913863897324,0.794935464859009,[],[],0,33434702,377790,dff54be1-6501-4808-aaf8-5eca9e83632b,0
https://fileman.clobotics.cn/api/file/eff84ca49e9e201448af314f66b7f44d,1099666,0.206083476543427,0.756468594074249,0.230279311537743,0.834258377552032,[],[],0,33434729,377790,8ba895fc-a120-4ab7-80a2-329e671c4e7a,0
https://fileman.clobotics.cn/api/file/43d02c7194a796c86212f38ee7078b0f,226,0.359537303447723,0.715733826160431,0.384442299604416,0.795121908187866,[],[],0,33434842,377790,29061733-b66d-494a-bd9a-7403c4e07a6f,0
https://fileman.clobotics.cn/api/file/b7afff87e040d0f349d655583b97ca6b,1086627,0.176959529519081,0.262722730636597,0.211469158530235,0.351498514413834,"[""Overexposed"",""Unqualified""]",[],0,33434843,377790,f32b3c14-be5a-49c8-99fb-23af5dab711f,0
https://fileman.clobotics.cn/api/file/b3243a972ac674163ea044ad47612de0,1944,0.310441881418228,0.735068202018738,0.344591557979584,0.796907901763916,"[""Overexposed"",""Unqualified""]",[],0,33434844,377790,73856322-19b5-407a-ad32-6ee5c6234ede,0
https://fileman.clobotics.cn/api/file/b3243a972ac674163ea044ad47612de0,193,0.236577689647675,0.862482488155365,0.26452162861824,0.913697779178619,"[""Overexposed"",""Unqualified""]",[],0,33434844,377790,73856322-19b5-407a-ad32-6ee5c6234ede,0
https://fileman.clobotics.cn/api/file/94732a282fa094cc05bcc518cc656a45,1077735,0.314172446727753,0.819733858108521,0.339014410972595,0.857756197452545,[],[],0,33434849,377790,89597fd7-fd82-42d0-951a-5886c39c972a,0
https://fileman.clobotics.cn/api/file/607a7b09a68b47813b0f97edf2e233e5,1099666,0.355380654335022,0.612312257289886,0.391068160533905,0.688750207424164,"[""keep-out"",""Unqualified""]",[],0,33434850,377790,4f3f9bff-f777-4f15-a7f9-b77348578e36,0
https://fileman.clobotics.cn/api/file/17d4675a67cf863ec79208441e562d35,1072904,0.386199742555618,0.825273633003235,0.420131117105484,0.934685707092285,[],[],0,33434869,377790,93249537-d41f-45e9-8cb2-e8d4fd82e0b6,0
https://fileman.clobotics.cn/api/file/74ab0c2f655e560b353b378138c52028,102,0.298470884561539,0.761802732944489,0.330751031637192,0.854410350322723,[],[],0,33434870,377790,283f9624-6a89-44f7-b467-bc7125e0de24,0
https://fileman.clobotics.cn/api/file/538302793a17d0a9ac0e100620e359d2,1039110,0.341466754674912,0.820965230464935,0.368767738342285,0.908211410045624,[],[],0,33434871,377790,6cb81c7b-a283-4dbe-bca6-fa90b470b4a5,0
https://fileman.clobotics.cn/api/file/a26bb5d237dab2a4e4a333aa47082c36,1,0.292155549776388,0.353759549658223,0.307347185383013,0.424205870526739,[],[],0,33434873,377790,d65e5ad6-741e-41c7-a1c6-2adc08a12f8f,0
https://fileman.clobotics.cn/api/file/2f91c8d06de39cf72004f755763ad01d,1065142,0.20595994591713,0.693604111671448,0.236782521009445,0.790257692337036,[],[],0,33434903,377790,9b12ecc3-b335-473e-94b1-2666792b6047,0
https://fileman.clobotics.cn/api/file/2f91c8d06de39cf72004f755763ad01d,1082389,0.266744524240494,0.712184131145477,0.294988363981247,0.790154874324799,[],[],0,33434903,377790,9b12ecc3-b335-473e-94b1-2666792b6047,0
https://fileman.clobotics.cn/api/file/2f91c8d06de39cf72004f755763ad01d,102,0.171935856342316,0.691976368427277,0.204650968313217,0.79075425863266,[],[],0,33434903,377790,9b12ecc3-b335-473e-94b1-2666792b6047,0
https://fileman.clobotics.cn/api/file/2f91c8d06de39cf72004f755763ad01d,1104920,0.213564023375511,0.80715936422348,0.241282075643539,0.91251015663147,[],[],0,33434903,377790,9b12ecc3-b335-473e-94b1-2666792b6047,0
https://fileman.clobotics.cn/api/file/13eef56a436cf68a0f263986b520e656,1104919,0.181629732251167,0.617694675922394,0.215698719024658,0.711912274360657,[],[],0,33434906,377790,3d1e5f43-f0ba-4335-8786-fbecf7e0ca92,0
https://fileman.clobotics.cn/api/file/13eef56a436cf68a0f263986b520e656,1102554,0.391713589429855,0.631636685355869,0.421045660972595,0.715740925296512,[],[],0,33434906,377790,3d1e5f43-f0ba-4335-8786-fbecf7e0ca92,0
https://fileman.clobotics.cn/api/file/8a6ed1efc1d88f89d56d777cb9b59f11,14,0.364374667406082,0.219432160258293,0.392960339784622,0.276906818151474,[],[],0,33434938,377790,3877ba05-ccb4-4a16-8477-027c94d16054,0
https://fileman.clobotics.cn/api/file/c60094ca8e6e81e48a9f02a7ef1f63c5,1990,0.255477160215378,0.239093586802483,0.286498814821243,0.295131832361221,[],[],0,33434939,377790,f5eda5bd-8cb6-4a6e-a0d0-b40b2219b46d,0
https://fileman.clobotics.cn/api/file/5a3040fc0bf5dbebacb3ec64f3ecad27,236,0.400760965251854,0.805310121874853,0.432233469390801,0.886638811926886,"[""Overexposed"",""Unqualified""]",[],0,33434944,377790,4fd6631e-c812-4bf3-aca6-162b4a346a0e,0
https://fileman.clobotics.cn/api/file/7928180533fcec8c6f48d0017425a70c,1099666,0.420665447355807,0.325443655252457,0.439933229109141,0.408685162846803,"[""qualified""]",[],0,33434953,377790,3f0838b4-3e9a-4a61-93fa-fdf4eb655047,0
https://fileman.clobotics.cn/api/file/7928180533fcec8c6f48d0017425a70c,1099666,0.398384381799424,0.325854443104141,0.413069629552494,0.401849618013671,"[""qualified""]",[],0,33434953,377790,3f0838b4-3e9a-4a61-93fa-fdf4eb655047,0
https://fileman.clobotics.cn/api/file/98ea8971f666dc7b284ab002ad6615e7,1452,0.24075885117054,0.841135323047638,0.274934142827988,0.937692403793335,[],[],0,33434954,377790,013be835-d53a-4fa7-b8b5-0dfebc7c7d0c,0
https://fileman.clobotics.cn/api/file/c6f66fa4009d10a39e330e5411ce79a5,565,0.312305092811584,0.278289020061493,0.344089150428772,0.356032222509384,[],[],0,33434955,377790,77a41024-a08d-466f-93fc-7bf7a95ba170,0
https://fileman.clobotics.cn/api/file/a045fd6869251d8457c31be4135608d1,1099663,0.423133850097656,0.219816073775291,0.448986530303955,0.268108129501343,[],[],0,33434957,377790,b968aa06-2208-4ad7-b503-0d65f913e7d2,0
https://fileman.clobotics.cn/api/file/82dfe43afcaab2feba4c9abc7e94d2a0,226,0.186885595321655,0.796370267868042,0.212898775935173,0.878722548484802,[],[],0,33434959,377790,61d97383-afb8-4e70-bc95-8495858289bd,0
https://fileman.clobotics.cn/api/file/82dfe43afcaab2feba4c9abc7e94d2a0,226,0.21276929974556,0.79781436920166,0.237782523036003,0.876801371574402,[],[],0,33434959,377790,61d97383-afb8-4e70-bc95-8495858289bd,0
https://fileman.clobotics.cn/api/file/cd0b3807bf5f96a87c4845c9f928f3d7,1452,0.266466110944748,0.805615544319153,0.287254065275192,0.86678010225296,[],[],0,33434963,377790,5f6015a0-452d-41c5-a15f-19f2b1af413c,0
https://fileman.clobotics.cn/api/file/80cc35b6c3aa553df9346157d7b37855,1065142,0.306058436632156,0.18677830696106,0.330109864473343,0.235203519463539,[],[],0,33434964,377790,f9686faa-f621-429c-b39d-60566152d826,0
https://fileman.clobotics.cn/api/file/43df8b71395045dad05c2a0b8019a339,193,0.329397410154343,0.87596333026886,0.347085416316986,0.930645883083344,[],[],0,33434979,377790,efc9fe50-3017-441b-9e68-3900fcc70a44,0
https://fileman.clobotics.cn/api/file/7e861c4fe89aa31e3e842e1c74879a61,180,0.361283284292467,0.299506165624671,0.390527468786485,0.364285238624626,"[""qualified""]",[],0,33434982,377790,89569b73-e573-41aa-a7ef-071821e19ecc,0
https://fileman.clobotics.cn/api/file/7e861c4fe89aa31e3e842e1c74879a61,1101538,0.155183032155037,0.645790040493011,0.19495889544487,0.750584542751312,"[""qualified""]",[],0,33434982,377790,89569b73-e573-41aa-a7ef-071821e19ecc,0
https://fileman.clobotics.cn/api/file/4d6e4ef517cb8b5a72b190c47ef09daf,1086183,0.375447958707809,0.294854164123535,0.406291931867599,0.37612646818161,[],[],0,33434983,377790,813e8c1e-c2ac-4486-b033-284605611611,0
https://fileman.clobotics.cn/api/file/4d6e4ef517cb8b5a72b190c47ef09daf,1081517,0.290847957134247,0.297534227371216,0.318844944238663,0.376666724681854,[],[],0,33434983,377790,813e8c1e-c2ac-4486-b033-284605611611,0
https://fileman.clobotics.cn/api/file/4d6e4ef517cb8b5a72b190c47ef09daf,1057360,0.206073001027107,0.223026692867279,0.232527256011963,0.282735347747803,[],[],0,33434983,377790,813e8c1e-c2ac-4486-b033-284605611611,0
https://fileman.clobotics.cn/api/file/4d6e4ef517cb8b5a72b190c47ef09daf,1798,0.374598205089569,0.682821571826935,0.405082911252975,0.750747442245483,[],[],0,33434983,377790,813e8c1e-c2ac-4486-b033-284605611611,0
https://fileman.clobotics.cn/api/file/4d6e4ef517cb8b5a72b190c47ef09daf,1104932,0.261037915945053,0.765361726284027,0.288612514734268,0.848494470119476,[],[],0,33434983,377790,813e8c1e-c2ac-4486-b033-284605611611,0
https://fileman.clobotics.cn/api/file/7f15c409b30d8947fc03d438f2efd715,1104794,0.226538389921188,0.759033739566803,0.252244859933853,0.843967258930206,[],[],0,33434984,377790,17406c95-7079-4319-85c3-f27abc937356,0
https://fileman.clobotics.cn/api/file/aa1914eadf1117738e830ae885d3c53a,1047929,0.185720309615135,0.24506863951683,0.213117972016335,0.310706973075867,"[""Overexposed"",""Unqualified""]",[],0,33434990,377790,fa802256-7317-438b-91e4-63394d8cbeac,0
https://fileman.clobotics.cn/api/file/aa1914eadf1117738e830ae885d3c53a,102,0.190506786108017,0.320390343666077,0.215353205800056,0.38200980424881,"[""Overexposed"",""Unqualified""]",[],0,33434990,377790,fa802256-7317-438b-91e4-63394d8cbeac,0
https://fileman.clobotics.cn/api/file/f68508df473eafceea902c6ad9b15e1e,102,0.411729007959366,0.203135713934898,0.441875636577606,0.283540219068527,[],[],0,33435004,377790,8ba8c254-258d-4d14-abeb-641291624c2b,0
https://fileman.clobotics.cn/api/file/c1cc2efbbf55e63a90f0ee6afd4f86ab,1065142,0.235389739274979,0.262781202793121,0.255864828824997,0.332073360681534,[],[],0,33435010,377790,4f55391d-f2c6-40f5-bdb6-f9378437811f,0
https://fileman.clobotics.cn/api/file/c1cc2efbbf55e63a90f0ee6afd4f86ab,193,0.343247145414352,0.177733421325684,0.369947612285614,0.250737220048904,[],[],0,33435010,377790,4f55391d-f2c6-40f5-bdb6-f9378437811f,0
https://fileman.clobotics.cn/api/file/c1cc2efbbf55e63a90f0ee6afd4f86ab,1990,0.22060615691711,0.752896139532579,0.253298414103377,0.818150959371514,[],[],0,33435010,377790,4f55391d-f2c6-40f5-bdb6-f9378437811f,0
https://fileman.clobotics.cn/api/file/c1cc2efbbf55e63a90f0ee6afd4f86ab,179,0.261934846639633,0.752426266670227,0.294232785701752,0.818259835243225,[],[],0,33435010,377790,4f55391d-f2c6-40f5-bdb6-f9378437811f,0
https://fileman.clobotics.cn/api/file/1ee308b68495ceb69b7b55859901bf0a,176,0.261328279972076,0.248950213193893,0.281642526388168,0.278756946325302,[],[],0,33435011,377790,1f82a699-5ca9-4635-85e2-b1086da2e303,0
https://fileman.clobotics.cn/api/file/92b986dacee0e162e10313083587a9e7,179,0.352251440286636,0.667476952075958,0.389691680669785,0.735688865184784,[],[],0,33435021,377790,77361186-3a84-4a92-915a-13f332680b19,0
https://fileman.clobotics.cn/api/file/b39333e29b4fdc7a4caa20ac4b920aa8,1990,0.257502734661102,0.83258593082428,0.293305426836014,0.913191556930542,"[""Overexposed"",""Unqualified""]",[],0,33435027,377790,8170d418-37c8-43c7-b215-599b7752e717,0
https://fileman.clobotics.cn/api/file/4b30994dd2a7d4954c8f5e5a7fe92780,1101539,0.412296533584595,0.238476827740669,0.442664682865143,0.325699985027313,[],[],0,33435030,377790,d173dc08-1e87-48a2-9a3f-4b0301584587,0
https://fileman.clobotics.cn/api/file/4b30994dd2a7d4954c8f5e5a7fe92780,1101539,0.391880207987323,0.241061377079553,0.406985950819838,0.317391008138657,[],[],0,33435030,377790,d173dc08-1e87-48a2-9a3f-4b0301584587,0
https://fileman.clobotics.cn/api/file/b6b21597a743b51d77d0121796c0909b,1,0.289086222648621,0.740228474140167,0.315811574459076,0.81866729259491,[],[],0,33435037,377790,5f714d77-4885-4c6b-a6f5-69ec207d1dbc,0
https://fileman.clobotics.cn/api/file/6e856524da5970395a69d18e55f9905b,1102554,0.246511995792389,0.139620199799538,0.277902543544769,0.231946036219597,[],[],0,33435038,377790,640e049e-e802-40a1-8047-529012975893,0
https://fileman.clobotics.cn/api/file/6e856524da5970395a69d18e55f9905b,1104537,0.270780384540558,0.727935910224915,0.297630608081818,0.817957282066345,[],[],0,33435038,377790,640e049e-e802-40a1-8047-529012975893,0
https://fileman.clobotics.cn/api/file/a767437490bd960255d1d59aa4b53156,179,0.211611837148666,0.142125740647316,0.244801640510559,0.206713050603867,[],[],0,33435042,377790,e237d5b6-cc5d-4348-8523-361771467e6c,0
https://fileman.clobotics.cn/api/file/ab800ea72f41d0b4ef879b90b284f99f,1070,0.184476241469383,0.845374166965485,0.2433210760355,0.958145260810852,[],[],0,33435047,377790,494649dd-643d-419a-ba84-e641aca5e53a,0
https://fileman.clobotics.cn/api/file/51acae7ee720ed8e7fbc9581e13a1dd4,1033356,0.344261676073074,0.72908627986908,0.374220579862595,0.782724440097809,[],[],0,33435048,377790,840208d5-9468-4d5f-b5f3-5e9d63b76f27,0
https://fileman.clobotics.cn/api/file/ff27ededf76004f60a462d939ace85c5,1047925,0.361370086669922,0.299361288547516,0.385375797748566,0.38113808631897,"[""qualified""]",[],0,33435049,377790,bcf157b3-3f81-43f8-94fe-d954cdbb3303,0
https://fileman.clobotics.cn/api/file/ff27ededf76004f60a462d939ace85c5,1,0.188065614005362,0.80518697225573,0.209333903854636,0.822074788902292,"[""qualified""]",[],0,33435049,377790,bcf157b3-3f81-43f8-94fe-d954cdbb3303,0
https://fileman.clobotics.cn/api/file/9a4ff0f9debd48953f4b9ab92243fae6,102,0.127674803137779,0.307392179965973,0.154811471700668,0.369371294975281,[],[],0,33435052,377790,a7f3b60a-de93-4a95-9686-5b714abbdca8,0
https://fileman.clobotics.cn/api/file/e2ec65a8210996cf6a2ed63d1450c8dc,1104920,0.231676290571434,0.369050145149231,0.262212077915412,0.446718722581863,[],[],0,33435059,377790,5cd3bcc3-4af6-410b-bd18-aa57901ed24a,0
https://fileman.clobotics.cn/api/file/aa1027ea0add9898183e115b61c7bf0a,3,0.206319943070412,0.314235508441925,0.229102313518524,0.349335849285126,[],[],0,33435065,377790,5c3a032b-9b9a-4f44-82c5-4f155bf86b78,0
https://fileman.clobotics.cn/api/file/91f114d8f0271a957d3a07bdd09b7974,1,0.227154552936554,0.147122219204903,0.251854449510574,0.198719367384911,[],[],0,33435066,377790,1267417f-6ba0-49db-a913-47d4e1bab7d7,0
https://fileman.clobotics.cn/api/file/d61f494cf0d4e957554e45a5fac24318,1102554,0.421222239732742,0.638924062252045,0.452343106269836,0.718183279037476,[],[],0,33435067,377790,bb5a440f-4f93-46d9-8ed1-b9b77984e2ba,0
https://fileman.clobotics.cn/api/file/591e83e77dfc79f0782599698fca8a61,102,0.194828107953072,0.290708154439926,0.219509690999985,0.371738195419312,[],[],0,33435072,377790,be1ee54f-62fc-4a63-9496-05eb899598c2,0
https://fileman.clobotics.cn/api/file/7b96104adf4de0177603438f1b6ba477,1039449,0.305771172046661,0.247672483325005,0.32995143532753,0.323030412197113,[],[],0,33435078,377790,11e3e6a4-d9a5-461f-8d5c-22c19222e104,0
https://fileman.clobotics.cn/api/file/7b96104adf4de0177603438f1b6ba477,1086182,0.399168878793716,0.201404869556427,0.428226083517075,0.23811861872673,[],[],0,33435078,377790,11e3e6a4-d9a5-461f-8d5c-22c19222e104,0
https://fileman.clobotics.cn/api/file/7b96104adf4de0177603438f1b6ba477,1039002,0.229396402835846,0.279994517564774,0.253877967596054,0.321402132511139,[],[],0,33435078,377790,11e3e6a4-d9a5-461f-8d5c-22c19222e104,0
https://fileman.clobotics.cn/api/file/7b96104adf4de0177603438f1b6ba477,1020587,0.232260212302208,0.242852091789246,0.255118757486343,0.27582773566246,[],[],0,33435078,377790,11e3e6a4-d9a5-461f-8d5c-22c19222e104,0
https://fileman.clobotics.cn/api/file/7b96104adf4de0177603438f1b6ba477,1039110,0.401584804058075,0.814081609249115,0.421857088804245,0.89601343870163,[],[],0,33435078,377790,11e3e6a4-d9a5-461f-8d5c-22c19222e104,0
https://fileman.clobotics.cn/api/file/ec732228ddbc2a7af349f7f0fde345e1,1047929,0.272552162408829,0.773542284965515,0.299468517303467,0.850625216960907,[],[],0,33435081,377790,6e67537e-23fd-4435-b4b4-4955bd307606,0
https://fileman.clobotics.cn/api/file/ec732228ddbc2a7af349f7f0fde345e1,1076588,0.301376521587372,0.774664998054504,0.331558376550674,0.855480492115021,[],[],0,33435081,377790,6e67537e-23fd-4435-b4b4-4955bd307606,0
https://fileman.clobotics.cn/api/file/ac9039c72a9458d31178d757f485ae5a,3,0.206018567085266,0.169243603944778,0.233318567276001,0.204218178987503,[],[],0,33435084,377790,8cb8fc6f-7c8a-480b-bbc3-46e1b33614f3,0
https://fileman.clobotics.cn/api/file/ac9039c72a9458d31178d757f485ae5a,1047929,0.282788574695587,0.711469888687134,0.306477785110474,0.772731900215149,[],[],0,33435084,377790,8cb8fc6f-7c8a-480b-bbc3-46e1b33614f3,0
https://fileman.clobotics.cn/api/file/754b6b369af48feabd09353578e39136,1452,0.357760936021805,0.623998582363129,0.389400631189346,0.685310840606689,"[""Overexposed"",""Unqualified""]",[],0,33435090,377790,d736aecb-6e84-4f0a-9807-941803547dee,0
https://fileman.clobotics.cn/api/file/8a83e6f9a9fd615f1bfca808d7f752be,193,0.189560785889626,0.710999429225922,0.213013678789139,0.777448832988739,"[""qualified""]",[],0,33435102,377790,01cd4465-331d-457a-9bcc-a442e60af1ef,0
https://fileman.clobotics.cn/api/file/8a83e6f9a9fd615f1bfca808d7f752be,193,0.214183062314987,0.711749732494354,0.238649353384972,0.777704000473022,"[""qualified""]",[],0,33435102,377790,01cd4465-331d-457a-9bcc-a442e60af1ef,0
https://fileman.clobotics.cn/api/file/219773eb442e44c9570e39b6c9ba47e5,176,0.278163075447083,0.186480168521908,0.300980895757675,0.216367636144665,[],[],0,33435108,377790,1f79af9f-5ae0-4ccc-a0ee-2515d7aaa11b,0
https://fileman.clobotics.cn/api/file/219773eb442e44c9570e39b6c9ba47e5,1099608,0.255386107893482,0.189516907423483,0.275147639412174,0.21462765881394,[],[],0,33435108,377790,1f79af9f-5ae0-4ccc-a0ee-2515d7aaa11b,0
https://fileman.clobotics.cn/api/file/b25b935f440814e54914dbd707585860,1053345,0.24124051630497,0.233899525030818,0.265539079904556,0.303794330581394,[],[],0,33435110,377790,8dd0b555-e275-45b7-a7dd-3328aeca1c20,0
https://fileman.clobotics.cn/api/file/e4dfa6c1ef5eb5e917db92403b3324e1,195,0.26655912399292,0.737637937068939,0.289555907249451,0.810675203800201,[],[],0,33435119,377790,fdadc73a-7af8-4272-af0a-b2b08216c6bd,0
https://fileman.clobotics.cn/api/file/706f49e91cbd7ecf7a0d0ebf26662884,193,0.235877692699432,0.875198602676392,0.26234096288681,0.965915560722351,[],[],0,33435122,377790,32a94e2c-8a15-46f4-846e-d4879b89a224,0
https://fileman.clobotics.cn/api/file/da96a807d6a9f09d8c0163efa885ad31,102,0.207614719867706,0.720221817493439,0.229687467217445,0.783557236194611,[],[],0,33435131,377790,e7584301-68e1-41d2-85f5-4bfcba394608,0
https://fileman.clobotics.cn/api/file/32484c6c475f2fa11664f007fc794f45,1102556,0.306591093540192,0.317024379968643,0.334595948457718,0.40830010175705,"[""qualified""]",[],0,33435137,377790,1ed946c6-4439-4621-b753-ccc86e0cc616,0
https://fileman.clobotics.cn/api/file/32484c6c475f2fa11664f007fc794f45,1099666,0.340556234121323,0.226122960448265,0.371056318283081,0.307560801506042,"[""qualified""]",[],0,33435137,377790,1ed946c6-4439-4621-b753-ccc86e0cc616,0
https://fileman.clobotics.cn/api/file/98f882eb95e1a935ea42c7175ae6666a,1439,0.38184979557991,0.258940935134888,0.411036789417267,0.325977742671967,[],[],0,33435140,377790,b529d7c5-a198-46d1-a184-ed7ba7c05ad0,0
https://fileman.clobotics.cn/api/file/98f882eb95e1a935ea42c7175ae6666a,317,0.412438333034515,0.721737146377563,0.442171305418015,0.808969438076019,[],[],0,33435140,377790,b529d7c5-a198-46d1-a184-ed7ba7c05ad0,0
https://fileman.clobotics.cn/api/file/98f882eb95e1a935ea42c7175ae6666a,1099793,0.413549035787582,0.823493421077728,0.457773983478546,0.904043018817902,[],[],0,33435140,377790,b529d7c5-a198-46d1-a184-ed7ba7c05ad0,0
https://fileman.clobotics.cn/api/file/98f882eb95e1a935ea42c7175ae6666a,1,0.391056448221207,0.723274528980255,0.412853002548218,0.809105694293976,[],[],0,33435140,377790,b529d7c5-a198-46d1-a184-ed7ba7c05ad0,0
https://fileman.clobotics.cn/api/file/d4d5ad66603df93896312fb77ee12421,1073950,0.287667125463486,0.796562612056732,0.319371372461319,0.891940474510193,[],[],0,33435143,377790,0852429c-3a75-491c-9aa1-fc2dc8c200c1,0
https://fileman.clobotics.cn/api/file/fc5f9558b67729f8b828a02d6e8b09c5,210,0.270818173885345,0.240441516041756,0.291641086339951,0.287150919437408,[],[],0,33435161,377790,e19da517-7d7b-423c-8c6d-032af285b434,0
https://fileman.clobotics.cn/api/file/f568c455d4373f4d3274c36273b809fb,1089,0.206649824976921,0.144004955887794,0.240628361701965,0.209388166666031,"[""qualified""]",[],0,33435163,377790,082b6263-3e7d-49e2-b867-565201303927,0
https://fileman.clobotics.cn/api/file/f568c455d4373f4d3274c36273b809fb,1,0.320378482341766,0.319748371839523,0.3510881960392,0.395620405673981,"[""qualified""]",[],0,33435163,377790,082b6263-3e7d-49e2-b867-565201303927,0
https://fileman.clobotics.cn/api/file/f568c455d4373f4d3274c36273b809fb,1086627,0.260875195264816,0.319520473480225,0.292870432138443,0.401652902364731,"[""qualified""]",[],0,33435163,377790,082b6263-3e7d-49e2-b867-565201303927,0
https://fileman.clobotics.cn/api/file/f568c455d4373f4d3274c36273b809fb,1082389,0.159155979752541,0.68786895275116,0.187833249568939,0.766924917697906,"[""qualified""]",[],0,33435163,377790,082b6263-3e7d-49e2-b867-565201303927,0
https://fileman.clobotics.cn/api/file/f568c455d4373f4d3274c36273b809fb,102,0.369897991418839,0.683099567890167,0.394119501113892,0.75231546163559,"[""qualified""]",[],0,33435163,377790,082b6263-3e7d-49e2-b867-565201303927,0
https://fileman.clobotics.cn/api/file/a152d804414a6988426e91974b54782a,1044047,0.276650726795197,0.240329742431641,0.298993825912476,0.283817678689957,[],[],0,33435165,377790,e8b7e6e0-d7e5-4a51-b2b1-7c9a997a5d20,0
https://fileman.clobotics.cn/api/file/296f9bdcd56b2f77a85a9438fa52812d,1099361,0.16518035531044,0.266891419887543,0.196071684360504,0.340610325336456,[],[],0,33435167,377790,3460b959-d554-4ff7-a777-b5f3b442b42a,0
https://fileman.clobotics.cn/api/file/296f9bdcd56b2f77a85a9438fa52812d,226,0.312512993812561,0.736100316047668,0.335993081331253,0.814224421977997,[],[],0,33435167,377790,3460b959-d554-4ff7-a777-b5f3b442b42a,0
https://fileman.clobotics.cn/api/file/729e0144b7bb3f850093160aff7c72b2,102,0.310344904661179,0.709311366081238,0.339432775974274,0.793217420578003,[],[],0,33435171,377790,1f5c815a-2e27-484a-ac12-140a6ba3b037,0
https://fileman.clobotics.cn/api/file/422214373b272d2d28156f1974c03719,1039172,0.237316608428955,0.311867713928223,0.260809749364853,0.381611347198486,[],[],0,33435178,377790,8e1f59d4-9501-4f65-823c-92320b6e5f53,0
https://fileman.clobotics.cn/api/file/422214373b272d2d28156f1974c03719,1990,0.375952899456024,0.69954377412796,0.415042221546173,0.758675813674927,[],[],0,33435178,377790,8e1f59d4-9501-4f65-823c-92320b6e5f53,0
https://fileman.clobotics.cn/api/file/422214373b272d2d28156f1974c03719,1039172,0.25525227189064,0.63225531578064,0.279027462005615,0.67982816696167,[],[],0,33435178,377790,8e1f59d4-9501-4f65-823c-92320b6e5f53,0
https://fileman.clobotics.cn/api/file/134e33a2b9ac242c71b3bb733b046683,1053344,0.274626076221466,0.213629975914955,0.300608932971954,0.287376254796982,[],[],0,33435185,377790,8becdf44-7f87-4087-8750-a59e0822f9a3,0
https://fileman.clobotics.cn/api/file/134e33a2b9ac242c71b3bb733b046683,1065142,0.23809526860714,0.5972540974617,0.266300320625305,0.678052484989166,[],[],0,33435185,377790,8becdf44-7f87-4087-8750-a59e0822f9a3,0
https://fileman.clobotics.cn/api/file/0f124cdcc07763d4a5eb3d93e92649c9,1057360,0.21008774638176,0.237407431006432,0.231672883033752,0.289998948574066,[],[],0,33435186,377790,acc1d2c9-b282-46f6-9bd7-a515d6aa9936,0
https://fileman.clobotics.cn/api/file/a02bbaa214e6f7ecadcbecf41e89512e,176,0.270144075155258,0.825758337974548,0.294811993837357,0.868558704853058,[],[],0,33435189,377790,238d22c5-6bfe-4aae-a72d-b505b149d1f4,0
https://fileman.clobotics.cn/api/file/7d97de0006eef1d8eef3ed69ffa70dd1,1044047,0.339026927947998,0.216631770133972,0.367440551519394,0.268783301115036,[],[],0,33435190,377790,bb9d6935-cb61-4cb1-900d-788eccd2fa98,0
https://fileman.clobotics.cn/api/file/a61d70ef1801924bbe59c1904748ac56,1057360,0.370552390813828,0.672722458839417,0.393793970346451,0.723123908042908,[],[],0,33435192,377790,e2e247ef-5cc4-4de6-8af4-d71b3bac571a,0
https://fileman.clobotics.cn/api/file/3d3587fb37e82ef64bef1ae2a56064c1,1086639,0.255584478378296,0.715012311935425,0.285181611776352,0.789098083972931,"[""qualified""]",[],0,33435193,377790,90c869ab-cfe8-4830-ba9c-fdcc37949ccd,0
https://fileman.clobotics.cn/api/file/216db28a4edbd8f5862abdc6b07a0ed6,1102554,0.143953427672386,0.845850050449371,0.177512243390083,0.946854770183563,[],[],0,33435195,377790,39167684-95fc-44ee-97e7-33196caddb95,0
https://fileman.clobotics.cn/api/file/e4a0e9895fe1f03989b595de42da7a0e,102,0.190202057361603,0.602837562561035,0.217138797044754,0.683083951473236,[],[],0,33435197,377790,adfb9186-89a7-4256-b099-a0888fa61f30,0
https://fileman.clobotics.cn/api/file/29cc71d852f8f2defac67462e4ff71f7,102,0.15158873796463,0.354542464017868,0.185819432139397,0.470314174890518,[],[],0,33435205,377790,e093f4c0-16ba-411b-8fe2-6955a8c5e269,0
https://fileman.clobotics.cn/api/file/2f3dbbbb7cf39dbfc65de52912325af5,1086627,0.238224685192108,0.661367535591125,0.263113230466843,0.722075521945953,[],[],0,33435206,377790,e23ba01a-48af-45a1-88f4-58399ac29122,0
https://fileman.clobotics.cn/api/file/695f5ecf2ba1000ae97e2f27f7ff6da3,1,0.320497274398804,0.231990013139255,0.343284338712692,0.262111205475338,[],[],0,33435209,377790,7987ebbc-27ba-45ee-9049-3e4016f11ce8,0
https://fileman.clobotics.cn/api/file/d6e17b9d398618bbb3408172809a1309,1086521,0.382589757442474,0.676846861839294,0.41265669465065,0.738741338253021,"[""qualified""]",[],0,33435211,377790,bcb434a1-8c49-4796-bcfc-d93cc1f6b5d0,0
https://fileman.clobotics.cn/api/file/a60c420f687d0fa5594d66787a652b55,1104922,0.307771444320679,0.136457532644272,0.335273712873459,0.215720817446709,[],[],0,33435224,377790,2f524ecd-66d4-48ac-b90f-4f76498804c0,0
https://fileman.clobotics.cn/api/file/eb046f8af06a47b1ca24f07918e93062,1047771,0.370160907506943,0.780673444271088,0.396696865558624,0.830477297306061,[],[],0,33435227,377790,be021722-b4af-42d7-b16f-92065569520d,0
https://fileman.clobotics.cn/api/file/eb046f8af06a47b1ca24f07918e93062,1047771,0.348753035068512,0.779833793640137,0.369139790534973,0.826126277446747,[],[],0,33435227,377790,be021722-b4af-42d7-b16f-92065569520d,0
https://fileman.clobotics.cn/api/file/cdc15c22ce87646b3d37953de697eb5e,1099606,0.269969165325165,0.156962886452675,0.295699864625931,0.185795620083809,"[""qualified""]",[],0,33435232,377790,b14d6c79-2b16-48cf-b613-8e59dc7be567,0
https://fileman.clobotics.cn/api/file/cf813e779b0339534a5d686bd9c95663,1101505,0.187298327684402,0.222786232829094,0.209492892026901,0.26826399564743,[],[],0,33435242,377790,afc2b804-ae94-4e19-a167-872e22d4115b,0
https://fileman.clobotics.cn/api/file/212ae539c61f1918cdc98b97e42fb027,97,0.283774644136429,0.709986984729767,0.310314148664474,0.781773686408997,[],[],0,33435265,377790,0e9ab236-ba28-4845-a14f-0bc547c3a6c5,0
https://fileman.clobotics.cn/api/file/99591be7172e85f13c2a3561ca61c153,1065142,0.357775241136551,0.620136678218842,0.378790676593781,0.674880564212799,[],[],0,33435267,377790,38edfc12-cd50-4c87-8707-b541feb56586,0
https://fileman.clobotics.cn/api/file/b64ef0090dd5470d210813f8d5b745e5,1104921,0.308230757713318,0.828397631645203,0.350941300392151,0.970574736595154,"[""Large-angle"",""Unqualified""]",[],0,33435268,377790,6e717ba9-cc42-487d-bc74-be1edec51f77,0
https://fileman.clobotics.cn/api/file/94047797e3c377920a0c8695dca7f156,1104920,0.283304750919342,0.520654916763306,0.313475340604782,0.591054797172546,"[""Large-angle"",""Unqualified""]",[],0,33435279,377790,4531bf6e-c214-4db1-86f6-587621ff32d2,0
https://fileman.clobotics.cn/api/file/2299e418abd1ac82ce10fb4b5f12cc49,1,0.39880417160453,0.868516284680338,0.468685695395003,0.969843184559711,[],[],0,33435283,377790,d84a33c5-1a16-479c-ba25-604679a863e4,0
https://fileman.clobotics.cn/api/file/fa66b1f28261a3dc65d626ec135ce3ea,481,0.198616623878479,0.346217453479767,0.227601602673531,0.428087651729584,"[""Overexposed"",""Unqualified""]",[],0,33435290,377790,1d5cd464-6bc5-41b8-937e-b79425e133e5,0
https://fileman.clobotics.cn/api/file/2d1c525d46444ed5ee8548b9411da370,1099793,0.350361734628677,0.843563675880432,0.395003944635391,0.944947361946106,"[""Overexposed"",""Unqualified""]",[],0,33435296,377790,e16b6f43-009a-4713-8f22-a430c8da418d,0
https://fileman.clobotics.cn/api/file/57269f7776217f4de888b8d3b3931713,1099666,0.394900441169739,0.667514622211456,0.423640757799149,0.743584036827087,[],[],0,33435304,377790,e64184c7-1112-4c4c-bb3e-fb4d2df03ad7,0
https://fileman.clobotics.cn/api/file/81c8a8157e12113872168ee8895f9d48,1053343,0.323239982128143,0.253996402025223,0.351198732852936,0.327262461185455,[],[],0,33435305,377790,4622419e-d544-4990-b568-45c63976609d,0
https://fileman.clobotics.cn/api/file/f6f693f85288715959c1c6f09e3a0531,28,0.346529096364975,0.187193557620049,0.370942026376724,0.227901890873909,[],[],0,33435307,377790,3976a533-e635-4fcc-87c9-745e4db128aa,0
https://fileman.clobotics.cn/api/file/045e093bf22ee0fb8977c0ed3fe42c82,102,0.265029072761536,0.718603074550629,0.288347512483597,0.787574887275696,[],[],0,33435318,377790,2f83ba55-f999-4dc5-95f8-52af00baac93,0
https://fileman.clobotics.cn/api/file/9fb6a3d6cb0db781ea9aa6a559b7511c,1990,0.269660174846649,0.876958250999451,0.314242869615555,0.946914911270142,[],[],0,33435319,377790,d21bba39-39d6-4677-be33-fca8aab28eec,0
https://fileman.clobotics.cn/api/file/c79aa8990d535dd52c156e3be7b66948,97,0.354724854230881,0.228137344121933,0.378081053495407,0.292060166597366,"[""qualified""]",[],0,33435320,377790,ee1bb9bd-4d5d-455c-8b40-49852fc35c9d,0
https://fileman.clobotics.cn/api/file/c79aa8990d535dd52c156e3be7b66948,1086522,0.3780397772789,0.229198172688484,0.400693416595459,0.291696935892105,"[""qualified""]",[],0,33435320,377790,ee1bb9bd-4d5d-455c-8b40-49852fc35c9d,0
https://fileman.clobotics.cn/api/file/c79aa8990d535dd52c156e3be7b66948,1098689,0.323234170675278,0.705272138118744,0.348928451538086,0.774489641189575,"[""qualified""]",[],0,33435320,377790,ee1bb9bd-4d5d-455c-8b40-49852fc35c9d,0
https://fileman.clobotics.cn/api/file/c79aa8990d535dd52c156e3be7b66948,1086625,0.362675040960312,0.792084813117981,0.388085126876831,0.853058159351349,"[""qualified""]",[],0,33435320,377790,ee1bb9bd-4d5d-455c-8b40-49852fc35c9d,0
https://fileman.clobotics.cn/api/file/80c90144bdf2de50482545435358e222,236,0.287806540727615,0.310395836830139,0.308657854795456,0.368665307760239,[],[],0,33435321,377790,4e1faf58-4c46-4560-884d-f08bae723dcd,0
https://fileman.clobotics.cn/api/file/80c90144bdf2de50482545435358e222,1990,0.376868098974228,0.705062747001648,0.412625223398209,0.758857548236847,[],[],0,33435321,377790,4e1faf58-4c46-4560-884d-f08bae723dcd,0
https://fileman.clobotics.cn/api/file/8c534cde9c2176a354f00b3f85b22e46,1039110,0.357348769903183,0.780693829059601,0.382719665765762,0.8654625415802,[],[],0,33435328,377790,fe6a2746-d5c0-4be8-8e7f-10a6647e2b75,0
https://fileman.clobotics.cn/api/file/cc7ae9cfad6c316d88826289e5c9941f,1047771,0.438710182905197,0.854960799217224,0.474649786949158,0.929282188415527,[],[],0,33435333,377790,8c9f8a07-f40e-4778-aed8-64a1447e614b,0
https://fileman.clobotics.cn/api/file/b997c8ac7396141e3d198ac4560d3427,189,0.168157771229744,0.750091433525085,0.197489157319069,0.821118891239166,[],[],0,33435334,377790,f7017d34-31a0-4500-9a53-a1882ad508e7,0
https://fileman.clobotics.cn/api/file/cf397ddc3351598ea0909820b1e85297,1990,0.231873512268066,0.850923240184784,0.271261811256409,0.923400282859802,[],[],0,33435335,377790,507ec681-9dc3-45ba-a085-6462b9c43786,0
https://fileman.clobotics.cn/api/file/08b9feb9c200dfb9fa7677bd96122e0d,174,0.387930452823639,0.15829136967659,0.418247628252709,0.192762364294331,[],[],0,33435336,377790,54217db9-3a01-440e-a356-9d35f40528ed,0
https://fileman.clobotics.cn/api/file/bca9834ae24e0b02c0a6a51cfb32a22d,210,0.280063807964325,0.301464378833771,0.301324605941772,0.33199554681778,[],[],0,33435339,377790,377aca70-35b1-4785-83bc-5c4a09b0b3db,0
https://fileman.clobotics.cn/api/file/bca9834ae24e0b02c0a6a51cfb32a22d,1989,0.302113831043243,0.747253596782684,0.33176252245903,0.824936032295227,[],[],0,33435339,377790,377aca70-35b1-4785-83bc-5c4a09b0b3db,0
https://fileman.clobotics.cn/api/file/bca9834ae24e0b02c0a6a51cfb32a22d,1104923,0.269783318042755,0.847450196743011,0.317623674869537,0.926608264446259,[],[],0,33435339,377790,377aca70-35b1-4785-83bc-5c4a09b0b3db,0
https://fileman.clobotics.cn/api/file/bca9834ae24e0b02c0a6a51cfb32a22d,1990,0.229465216398239,0.839709281921387,0.265263646841049,0.904308557510376,[],[],0,33435339,377790,377aca70-35b1-4785-83bc-5c4a09b0b3db,0
https://fileman.clobotics.cn/api/file/44484a72fd0c8e512d2021314495c4ee,1099666,0.372543066740036,0.281716763973236,0.392626732587814,0.345527946949005,[],[],0,33435340,377790,6f95a099-8174-421c-ad62-b245f2c032dc,0
https://fileman.clobotics.cn/api/file/44484a72fd0c8e512d2021314495c4ee,226,0.180051058530807,0.741789281368256,0.203612521290779,0.806129693984985,[],[],0,33435340,377790,6f95a099-8174-421c-ad62-b245f2c032dc,0
https://fileman.clobotics.cn/api/file/fed28f0f2b4cd01dcc80c69d1b9175c2,2795,0.344464540481567,0.734886825084686,0.364456027746201,0.776620984077454,[],[],0,33435342,377790,0099c469-35c6-4070-868b-f22933232c08,0
https://fileman.clobotics.cn/api/file/fed28f0f2b4cd01dcc80c69d1b9175c2,1063319,0.430824190378189,0.689785063266754,0.472530871629715,0.725438892841339,[],[],0,33435342,377790,0099c469-35c6-4070-868b-f22933232c08,0
https://fileman.clobotics.cn/api/file/4ccb2dd1926d56143b38c6d2d263698b,1992,0.226838797497442,0.746434092521667,0.255984068083456,0.826696932315826,[],[],0,33435357,377790,ce66a1ed-cd27-4e17-9389-17c7aa5f8667,0
https://fileman.clobotics.cn/api/file/5334473f03e16393b9a784c92ef42675,1099666,0.435045599937439,0.735108457952623,0.466035723686218,0.819918476492052,[],[],0,33435360,377790,ac689886-9aaf-4944-b2ab-c708d8430d43,0
https://fileman.clobotics.cn/api/file/5334473f03e16393b9a784c92ef42675,1099610,0.181421920657158,0.728113770484924,0.204602271318436,0.807534635066986,[],[],0,33435360,377790,ac689886-9aaf-4944-b2ab-c708d8430d43,0
https://fileman.clobotics.cn/api/file/5334473f03e16393b9a784c92ef42675,1099666,0.40798145532608,0.737594962120056,0.435718953609467,0.818506121635437,[],[],0,33435360,377790,ac689886-9aaf-4944-b2ab-c708d8430d43,0
https://fileman.clobotics.cn/api/file/ae461a6abe41ced7dc8ced94ddf724c2,1027664,0.367471903562546,0.623983085155487,0.399599730968475,0.686985492706299,[],[],0,33435393,377790,838880d2-448b-4690-bf1c-1f70e5bc795a,0
https://fileman.clobotics.cn/api/file/9fa4cd8d92731d9b8d2ee0b99e891a82,1099666,0.340402415529841,0.216785571675345,0.359480718529669,0.281145457575299,[],[],0,33435405,377790,c61dc7e5-9538-4821-ab44-a3eb0d900885,0
https://fileman.clobotics.cn/api/file/9fa4cd8d92731d9b8d2ee0b99e891a82,1099614,0.232379093766212,0.596731781959534,0.26023468375206,0.667041659355164,[],[],0,33435405,377790,c61dc7e5-9538-4821-ab44-a3eb0d900885,0
https://fileman.clobotics.cn/api/file/c61fdb0fac88ec1515f8efe2a1c93159,75,0.174370735883713,0.796155214309692,0.217360317707062,0.90838760137558,[],[],0,33435418,377790,0b5dd536-ce05-474d-acd6-1a86a51ead57,0
https://fileman.clobotics.cn/api/file/f019f374149508782801077f9b2785b4,102,0.368544608354568,0.710047543048859,0.396506994962692,0.792895495891571,[],[],0,33435421,377790,cc688dfe-9f9b-4360-8b7e-dbe29d792eb5,0
https://fileman.clobotics.cn/api/file/28a8afe22a5fbfc7c49b67663f47fe9f,102,0.371373355388641,0.165738418698311,0.395712971687317,0.221087142825127,[],[],0,33435424,377790,3d416e37-38c4-46ed-aae5-427123c58a12,0
https://fileman.clobotics.cn/api/file/d46e1ac9088a648afb52699b252c954f,182,0.298976242542267,0.749461472034454,0.326986968517303,0.821092545986176,[],[],0,33435426,377790,37ec434c-33d1-4e1b-98fc-e91c50166f41,0
https://fileman.clobotics.cn/api/file/7e81c589487d5244dd8a11799e1d7d91,174,0.251977682113647,0.797337830066681,0.274960815906525,0.828908920288086,[],[],0,33435427,377790,e48b961b-371e-4096-bf3f-f7318b70e1a2,0
https://fileman.clobotics.cn/api/file/3e5c8312d7726934cf9702b9305776bd,1086627,0.280507296323776,0.277573049068451,0.3116055727005,0.357767015695572,[],[],0,33435428,377790,6446f7fe-cf52-4342-8e7f-34583b121bac,0
https://fileman.clobotics.cn/api/file/8d1826ebd9e2dea4ec1cb69b5f3997cc,1099666,0.387192249298096,0.736328721046448,0.406265407800674,0.814323425292969,[],[],0,33435429,377790,732f50ee-aee6-4681-b1ee-cf0e263eda59,0
https://fileman.clobotics.cn/api/file/a216e767d2d1197b14835c736e30ba6d,1106,0.452093122091867,0.218707272917284,0.479439196673013,0.269633481413378,[],[],0,33435431,377790,aa957e6d-6726-4e35-be39-4e34d32f43ec,0
https://fileman.clobotics.cn/api/file/ba5f8d67a74219fc8003a7098e561d68,1065142,0.266895115375519,0.723450362682343,0.294517934322357,0.818789064884186,"[""qualified""]",[],0,33435432,377790,925d32b1-f3a5-4378-b6e6-4d9e5edfee20,0
https://fileman.clobotics.cn/api/file/ee32f2e3cd44bbd2fd0962c3b00fe01a,1102555,0.140242576599121,0.358706384897232,0.176891401410103,0.458683580160141,[],[],0,33435438,377790,51eaaa81-6756-4501-abac-6db167158e7c,0
https://fileman.clobotics.cn/api/file/ee32f2e3cd44bbd2fd0962c3b00fe01a,1099666,0.133591800928116,0.690625548362732,0.168832004070282,0.790845572948456,[],[],0,33435438,377790,51eaaa81-6756-4501-abac-6db167158e7c,0
https://fileman.clobotics.cn/api/file/8bb10278b912f205e0ee7ce40ba30049,179,0.287376314401627,0.839781999588013,0.322900831699371,0.888473093509674,[],[],0,33435439,377790,3527b093-a965-49e2-aa70-d72f91345ae5,0
https://fileman.clobotics.cn/api/file/94520185d72c24dae3ff8d27326d4d63,1974,0.306753128767014,0.808400511741638,0.342646479606628,0.911953508853912,[],[],0,33435444,377790,49512326-9b70-4e51-8fa6-5d46a000afc1,0
https://fileman.clobotics.cn/api/file/1c8aa774fbf9ff0ee0f7064af06fa32f,1065142,0.156384736299515,0.342488139867783,0.190126150846481,0.450107365846634,[],[],0,33435450,377790,e5475382-7c13-48ce-a1ef-bc3163005612,0
https://fileman.clobotics.cn/api/file/861d498f545123d7b456e631d9ddde55,18,0.389145702123642,0.810086071491241,0.420157998800278,0.903895556926727,[],[],0,33435461,377790,3663a14d-64da-4904-9a70-cbda7ffa8a91,0
https://fileman.clobotics.cn/api/file/861d498f545123d7b456e631d9ddde55,18,0.423673647775404,0.810069382190704,0.453715819253676,0.904151737689972,[],[],0,33435461,377790,3663a14d-64da-4904-9a70-cbda7ffa8a91,0
https://fileman.clobotics.cn/api/file/e2a1a60aca07c554376953fa6d2cc6d7,102,0.191099971532822,0.647817552089691,0.217095956206322,0.721662819385529,[],[],0,33435463,377790,f867bbca-b4eb-499d-957c-4551f61bbe3a,0
https://fileman.clobotics.cn/api/file/22b0945830e81d8fdbcb7a11d59b5ecd,1990,0.312217056751251,0.859370410442352,0.345525473356247,0.908412456512451,[],[],0,33435467,377790,213dff4c-a2a6-43d3-8f21-ab897b7dff51,0
https://fileman.clobotics.cn/api/file/f313b6e0431604ab8da6fd19163729d3,1452,0.249528646469116,0.806678950786591,0.26994577050209,0.862990975379944,[],[],0,33435477,377790,b6188596-ac95-4383-be23-6917f9141d76,0
https://fileman.clobotics.cn/api/file/24698e7cd1623f361b2803d43ff5d7d9,1086625,0.247700765728951,0.591700792312622,0.272979706525803,0.642502665519714,[],[],0,33435482,377790,bd999584-5313-4e79-a850-1a3a48b8bec7,0
https://fileman.clobotics.cn/api/file/1fd3a3ba3d22cff27e6151c8c7cb15db,2269,0.399708698415346,0.663930360624768,0.429671565913744,0.727324251482465,[],[],0,33436497,377790,491c9f61-d45e-4d20-bf40-ecebe0ad4268,0
https://fileman.clobotics.cn/api/file/5d861f617a10f4ffb481ca0695d577d1,1086625,0.257419466972351,0.275222659111023,0.282810777425766,0.336891382932663,[],[],0,33436501,377790,46d67b34-ab56-4d78-8818-0cbc75da6d96,0
https://fileman.clobotics.cn/api/file/1499cad9f3f66aa43d4f080cf4160a4d,2032,0.150844573974609,0.840778648853302,0.204841807484627,0.939691662788391,[],[],0,33437506,377790,8102e5a2-5445-46eb-ad27-902a101248a6,0
https://fileman.clobotics.cn/api/file/1499cad9f3f66aa43d4f080cf4160a4d,1990,0.207819223403931,0.83955180644989,0.243386909365654,0.894410252571106,[],[],0,33437506,377790,8102e5a2-5445-46eb-ad27-902a101248a6,0
https://fileman.clobotics.cn/api/file/124df18948b9a9b12e70015843a4089d,1065142,0.157697841525078,0.349951207637787,0.190793544054031,0.443449407815933,[],[],0,33439468,377790,eba32ea9-306d-4f51-8f9d-060d0af193ce,0
https://fileman.clobotics.cn/api/file/124df18948b9a9b12e70015843a4089d,174,0.387722909450531,0.182128682732582,0.419326990842819,0.21372127532959,[],[],0,33439468,377790,eba32ea9-306d-4f51-8f9d-060d0af193ce,0
https://fileman.clobotics.cn/api/file/9130e106ef7d1a864856d1b08aa3aaeb,1071333,0.193353042006493,0.748773872852325,0.220618262887001,0.823591887950897,[],[],0,33440472,377790,187ed0fa-0b7b-4cf2-9d78-b9ed9d9c0803,0
https://fileman.clobotics.cn/api/file/2f801bdc762e35e7e590c98e1668dd90,226,0.123858466744423,0.434772163629532,0.158971264958382,0.499582678079605,[],[],0,33440474,377790,fca88747-a8d0-422e-9d9c-674442aeab54,0
https://fileman.clobotics.cn/api/file/a98989f3f9338e11c38508eb5b66eb3f,1086796,0.166409224271774,0.376073837280273,0.199857890605927,0.481768071651459,[],[],0,33440476,377790,cb87072c-ca6d-44f7-b48c-6eefe9cd14bd,0
https://fileman.clobotics.cn/api/file/4e4e72b2601345028cb56540a9a8e53a,1099666,0.415928840637207,0.736507415771484,0.442585170269012,0.814684510231018,[],[],0,33441490,377790,ec40bf4b-49f9-41fb-9a52-58be655b145a,0
https://fileman.clobotics.cn/api/file/4e4e72b2601345028cb56540a9a8e53a,1099666,0.388393104076386,0.735182464122772,0.415199428796768,0.813627600669861,[],[],0,33441490,377790,ec40bf4b-49f9-41fb-9a52-58be655b145a,0
https://fileman.clobotics.cn/api/file/9decbab4b148cb3b6d89d6b7b5e11380,1047848,0.154187023639679,0.248205319046974,0.18446196615696,0.286664009094238,"[""qualified""]",[],0,33443462,377790,b161361e-62cb-496c-9302-41d38a1f829f,0
https://fileman.clobotics.cn/api/file/c22105328ef994b35110b0a17174296f,1,0.212423404002292,0.29372738238842,0.241938665500814,0.356477975845337,[],[],0,33443464,377790,2505cf44-76f1-471e-83e4-d567b0c3bbb4,0
https://fileman.clobotics.cn/api/file/3a5e0900fb610b435160e4741ee1f2c0,102,0.162240982055664,0.664054751396179,0.190967872738838,0.74798846244812,[],[],0,33443474,377790,cb999ebe-e7fd-40fa-bd7c-fc623ddc9b52,0
https://fileman.clobotics.cn/api/file/3a5e0900fb610b435160e4741ee1f2c0,1065142,0.216517001390457,0.664807200431824,0.244195833802223,0.749178171157837,[],[],0,33443474,377790,cb999ebe-e7fd-40fa-bd7c-fc623ddc9b52,0
https://fileman.clobotics.cn/api/file/c448e97a26c9bce1cc99f255f7f9cd5e,1102555,0.16723174889016,0.213358044624329,0.201477150511025,0.299445271492004,[],[],0,33443476,377790,86592bc6-305d-4c1a-9856-443ddb802124,0
https://fileman.clobotics.cn/api/file/e426564e58774e9f4b7871f2a7a592a3,2036,0.377183387898989,0.841780609115329,0.414937059306689,0.896809882148471,[],[],0,33443480,377790,bad32887-c32d-4f8f-bfd3-b059ecdcd1dd,0
https://fileman.clobotics.cn/api/file/294b9f0bcbdcff67a61312820bca624d,1104932,0.381517112255096,0.248243525624275,0.410169571638107,0.324387907981873,[],[],0,33443489,377790,e0e7e272-fe48-44f0-9d83-c1454eb9485e,0
https://fileman.clobotics.cn/api/file/69d95664c9bd93bf9c731d30f821bc68,1071333,0.223324254155159,0.748635470867157,0.251705318689346,0.826341331005096,[],[],0,33443491,377790,50d30f43-c241-47ad-b893-b722523784dc,0
https://fileman.clobotics.cn/api/file/564fbbd7e424a130fa1e66fdd177f091,1102554,0.359365254640579,0.12163457274437,0.387427866458893,0.207195863127708,[],[],0,33443498,377790,0265c18b-06cc-4307-9b1f-7a17ba9a90aa,0
https://fileman.clobotics.cn/api/file/564fbbd7e424a130fa1e66fdd177f091,226,0.14751177177311,0.225445650717062,0.188529187910996,0.326169414287629,[],[],0,33443498,377790,0265c18b-06cc-4307-9b1f-7a17ba9a90aa,0
https://fileman.clobotics.cn/api/file/0b6d8d3ae52e639602a13f8c83d89c6c,236,0.31346806883812,0.368059247732162,0.345100611448288,0.454130828380585,[],[],0,33443505,377790,78825990-f5b4-46bf-8455-d4b4d772409e,0
https://fileman.clobotics.cn/api/file/ccb3e250bf4629826a97f58630187aaf,102,0.197090044617653,0.588817059993744,0.226026684045792,0.666532397270203,[],[],0,33443506,377790,c5668a3e-fbf5-4a41-878b-d27b4f3ca274,0
https://fileman.clobotics.cn/api/file/b81527f0b865480d7442e29a35e153db,179,0.425426781177521,0.899955689907074,0.470544338226318,0.998235523700714,[],[],0,33443507,377790,24e30233-76e7-47c0-bfd4-079ce9ccb622,0
https://fileman.clobotics.cn/api/file/407656c6f675bd62ad7f06d82ae17668,193,0.265203237533569,0.334526747465134,0.300678700208664,0.427096903324127,[],[],0,33443510,377790,66d76f38-3614-406f-b7ce-1c93e50863a2,0
https://fileman.clobotics.cn/api/file/407656c6f675bd62ad7f06d82ae17668,175,0.323024451732636,0.195483610033989,0.353098452091217,0.229692205786705,[],[],0,33443510,377790,66d76f38-3614-406f-b7ce-1c93e50863a2,0
https://fileman.clobotics.cn/api/file/407656c6f675bd62ad7f06d82ae17668,1047761,0.206036671996117,0.705976903438568,0.238731205463409,0.799949645996094,[],[],0,33443510,377790,66d76f38-3614-406f-b7ce-1c93e50863a2,0
https://fileman.clobotics.cn/api/file/407656c6f675bd62ad7f06d82ae17668,1047761,0.241574242711067,0.706051468849182,0.276252716779709,0.79921019077301,[],[],0,33443510,377790,66d76f38-3614-406f-b7ce-1c93e50863a2,0
https://fileman.clobotics.cn/api/file/134b25d88fb442b358d355c219e91c82,481,0.318252176046371,0.713583171367645,0.340166121721268,0.783445537090302,[],[],0,33443514,377790,91b6edd9-bc7c-4cf1-9526-7f2bab23b25c,0
https://fileman.clobotics.cn/api/file/9ac4d407a4536daf98f93dc7a76b7aea,1047761,0.271726429462433,0.82366818189621,0.30004420876503,0.910192847251892,[],[],0,33443515,377790,8b972221-0789-42af-876a-afbafbeb48c2,0
https://fileman.clobotics.cn/api/file/3b691208f7e29bcb03bed97675708908,1099663,0.306075155735016,0.216437488794327,0.331776469945908,0.270180374383926,"[""qualified""]",[],0,33443516,377790,2b6a9f27-f6af-45d2-a389-efe491e65e2c,0
https://fileman.clobotics.cn/api/file/3b691208f7e29bcb03bed97675708908,1044047,0.33413278074244,0.218645235561778,0.356110473584924,0.27096175219958,"[""qualified""]",[],0,33443516,377790,2b6a9f27-f6af-45d2-a389-efe491e65e2c,0
https://fileman.clobotics.cn/api/file/3b691208f7e29bcb03bed97675708908,1082389,0.453199684619904,0.679223659746034,0.486549317836761,0.75281465362726,"[""qualified""]",[],0,33443516,377790,2b6a9f27-f6af-45d2-a389-efe491e65e2c,0
https://fileman.clobotics.cn/api/file/13c4ac32a688cb1981f0102dd0138676,1039110,0.324420630931854,0.816022634506226,0.350920796394348,0.891526639461517,[],[],0,33443521,377790,a2b6a128-3b19-4b06-b8fc-5f27edb3fb41,0
https://fileman.clobotics.cn/api/file/f086c4a9daf83cf88860d99809f2f335,1071780,0.35478812456131,0.760694444179535,0.391163468360901,0.845343708992004,[],[],0,33443522,377790,ef4ecb20-7d6b-40ff-b0ce-7c6052b58ff5,0
https://fileman.clobotics.cn/api/file/faa77d504e059e1c55dfa7d27869de12,1,0.202832072279073,0.936067551266586,0.243849488416959,1,[],[],0,33443523,377790,c9fe64ab-62cc-4262-91b9-153a28cf0659,0
https://fileman.clobotics.cn/api/file/461c6fa19c28851f96415e0da3555e78,1102557,0.289254248142242,0.223165944218636,0.311256289482117,0.281676530838013,[],[],0,33443555,377790,87824611-422d-4727-bcd4-641b7847204e,0
https://fileman.clobotics.cn/api/file/461c6fa19c28851f96415e0da3555e78,226,0.312280893325806,0.798637688159943,0.334524482488632,0.871616840362549,[],[],0,33443555,377790,87824611-422d-4727-bcd4-641b7847204e,0
https://fileman.clobotics.cn/api/file/a3b321022ef054dab9cf3785419e1f69,1039171,0.224257421202049,0.786994278430939,0.238600004335734,0.863289103337354,[],[],0,33443558,377790,1f7b050e-eff9-471c-b7d0-8cb393e34981,0
https://fileman.clobotics.cn/api/file/a3b321022ef054dab9cf3785419e1f69,1039173,0.212094736657548,0.788326919026557,0.223488463362517,0.847032186416988,[],[],0,33443558,377790,1f7b050e-eff9-471c-b7d0-8cb393e34981,0
https://fileman.clobotics.cn/api/file/336630f3f426b6f41d62612d1a4525fc,1099666,0.136963561177254,0.58463442325592,0.174794599413872,0.698975265026093,"[""qualified""]",[],0,33443560,377790,0e9126cf-4aae-4e96-bfcf-a6be2090deb3,0
https://fileman.clobotics.cn/api/file/336630f3f426b6f41d62612d1a4525fc,1086530,0.316225290298462,0.733716487884521,0.352018505334854,0.817919135093689,"[""qualified""]",[],0,33443560,377790,0e9126cf-4aae-4e96-bfcf-a6be2090deb3,0
https://fileman.clobotics.cn/api/file/8b6c6b4c4ac128efc5f0f129d79ec9c3,1082389,0.361568033695221,0.264760255813599,0.38381165266037,0.335161983966827,[],[],0,33443571,377790,ee42e1ca-525c-44f3-b2f2-849529efe953,0
